panel,model,quantity,mean,ci_lo,ci_hi,n
(a),olmo,known_gap_control,0.49694679325354074,0.4679410827220278,0.5248166618968205,360
(a),olmo,instruct_excess_template,0.01834336440366492,0.007638439842367316,0.02925586160987608,586
(a),llama,known_gap_control,0.6153117693827077,0.5833557408618215,0.6464321261064986,360
(a),llama,instruct_excess_template,0.02816398180394561,0.020345740764425774,0.03619167374582002,586
(a),tulu,known_gap_control,0.6024105328543186,0.5676582130292351,0.635350138503984,359
(a),tulu,instruct_excess_template,0.0011365848388953533,-0.007364998321708084,0.009522841318589482,586
(a),qwen,known_gap_control,0.5192110011403244,0.47666299459208794,0.5601355984015088,360
(a),qwen,instruct_excess_template,-0.007619309016121902,-0.02348187447154372,0.00876270714167532,586
(b),olmo,base_raw_descriptive,0.01720257146672835,0.012352444600029013,0.022123060629658884,354
(b),llama,base_raw_descriptive,0.00021978332424580857,-0.0026564968693011063,0.003068267895890999,586
(b),qwen,base_raw_descriptive,0.011362885032259806,0.006900231435021042,0.015903185869550522,585
