model,contrast,mean,ci_lo,ci_hi,n
olmo,reasoning - filler,-0.07739168102917375,-0.10966406593909586,-0.04651414855328863,130
olmo,reasoning - truncated filler,-0.11157459117580551,-0.1452188763589683,-0.07830308787052062,130
olmo,brief reasoning - filler,0.023517411918527537,-0.011268249356533349,0.05794294397033564,130
olmo,truncated filler - filler,0.034182910146631745,0.016887063687540692,0.05175040062441435,130
olmo,norm named - filler,-0.024791300279034083,-0.030836791156383596,-0.018601738334040916,130
llama,reasoning - filler,-0.3502120127261683,-0.38694558162962855,-0.3143193462044948,114
llama,reasoning - truncated filler,-0.3199287348661903,-0.3560750044699801,-0.2842154244816476,114
llama,brief reasoning - filler,-0.20527271047420928,-0.24358793425854822,-0.167903176144545,114
llama,truncated filler - filler,-0.03028327785997801,-0.0627710808325955,0.0024633389285620773,114
