panel,stage,quantity,mean,ci_lo,ci_hi,n
(a),base,raw_frame_description,0.01720257146672835,0.012352444600029013,0.022123060629658884,354
(a),sft,586_model_free,0.015210781068060371,0.007380386181701602,0.0233746430184781,586
(a),sft,136_screened,0.02093938153004292,0.0056221214084018825,0.036454233432262305,136
(a),dpo,586_model_free,0.014287999607212986,0.004588114190290439,0.02403001806484646,586
(a),dpo,136_screened,0.022197890531040848,0.0016464511660542705,0.04286048025604575,136
(a),final,586_model_free,0.01834336440366492,0.007638439842367316,0.02925586160987608,586
(a),final,136_screened,0.029557143436058916,0.005805635946409922,0.05330650225542717,136
(b),final,known_gap_control,0.49694679325354074,0.4679410827220278,0.5248166618968205,360
(b),final,excess_586_model_free,0.01834336440366492,0.007638439842367316,0.02925586160987608,586
