scenario_id,E_prob_base,E_logit_base,E_norm_base,E_fs_base,sigma_base,g_null_base,E_prob_sft,E_logit_sft,E_norm_sft,E_fs_sft,sigma_sft,g_null_sft,E_prob_dpo,E_logit_dpo,E_norm_dpo,E_fs_dpo,sigma_dpo,g_null_dpo,E_prob_final,E_logit_final,E_norm_final,E_fs_final,sigma_final,g_null_final
F1-A-04,-0.00040187386783085977,0.0017767534603378987,0.006566734691414278,0.0419234591895159,0.2705687900960773,0.013220563239358218,-0.07453697038570228,-0.5728959248270915,-0.6267668699459096,-0.09997175549945536,0.9140494692652354,0.3272260188627891,-0.11020107330520806,-1.1578808768556446,-0.8992306999412941,-0.397480812717501,1.2876349494420467,0.3456975338051991,-0.02463521018486392,-0.6002757395527439,-0.41723539707501467,-0.12545745619069792,1.43869801977712,0.25283032763822355
F1-A-08T,-0.014907913626536512,-0.06248932624024672,-0.3093092532823828,-0.7135418847442361,0.20202863502178292,0.034490817520992756,-0.26573427244772224,-1.5696126818081124,-1.8729001403515175,-1.4088587757302224,0.8380653340724924,0.1900982483782381,-0.1043986990254847,-1.6784358857362542,-1.476874361885024,-0.9925683059595237,1.1364784500652887,0.00015821061400239644,-0.1618927116068647,-2.1129446621784282,-1.7814970167234043,-1.1026487076857256,1.186050070442798,0.0782670823517933
F1-A-14,0.008683499673016293,0.03570328569094072,0.08136389494262586,-0.33473032055072194,0.438809937947502,0.016619337619890207,0.5139935475940023,2.7268060551897335,1.718851943995096,0.5376543258963544,1.5864112465974634,-0.14291573943326114,0.5045299073966687,3.2615461356209976,2.0393904108933594,0.5363405456686499,1.5992750177697808,-0.1232795438986522,0.43856484489454484,3.548600442131826,1.9365573696255673,0.4292683825577468,1.8324272225500586,-0.07687294507455142
F1-A-14T,-0.06990670489837014,-0.2816670130276734,-0.5253599136465005,-0.5182193690474782,0.5361410448555826,0.05347295912959593,-0.1471888898718814,-0.6030905246122075,-0.5871841883542867,-0.2263796933406509,1.0270891767411208,-0.0713591879097395,-0.16636520951610956,-0.821578686957573,-0.5621600213309105,-0.3674617877415467,1.4614676529513613,0.10029938168529484,-0.1619713302798813,-1.5873402987760543,-0.8396504567444425,-0.6041654045430098,1.8904775029011627,0.16858084411406793
F1-A-18T,0.03861602856253382,0.1973207259792108,0.6535722700118699,0.4855584079637495,0.3019111046061167,-0.03621767991988978,-0.05345026269924903,-0.32211555493852106,-0.31976127480024885,-0.358744421838031,1.0073626180648139,-0.09348132564984123,-0.06770799237849592,-0.8302847605277788,-0.5713254401738074,-0.5757866160904258,1.4532606149573724,-0.0709683938277024,-0.06003538511773955,-0.8279230344262618,-0.5214566281867642,-0.5396290234450871,1.5877121694764114,-0.06884214301629836
F1-A-30T,0.05215890019291422,0.3254614039899604,0.7061684587923401,0.7196735901858893,0.460883518568007,-0.04709960239206118,-0.11119750865759603,-0.6491863484142693,-0.8784994872153395,-0.8675109255651662,0.7389718011925708,-0.14252937982747355,-0.060865202575831945,-0.38499734505456806,-0.4226792010190878,-0.4100577456163012,0.9108499877125062,-0.22012573926706647,0.012062890226200274,-0.00016322750722724821,-0.00016354381490636284,0.025739304104163876,0.9980659147562644,-0.27819322960785686
F1-A-42T,-0.011703047722221527,-0.05428849476448683,-0.13564543112383556,-0.0007562600086301607,0.40022354099729995,0.044331140967098226,-0.08990425006980168,-0.36997720056611905,-0.3946251084535247,-0.35746364378514395,0.9375409537827001,0.0050246794740061995,-0.04051290960088638,-0.17526456897812093,-0.15426447302908336,-0.10189581083659446,1.1361304747404701,-0.07164701772416815,-0.0042020492731765224,-0.024376588168132707,-0.01999129993959386,0.00491777326400198,1.2193598336170997,-0.15637547877909708
F1-A-46,0.11228807462534257,0.5333170465037145,0.931117529697216,0.7076396871848015,0.5727709225677884,0.003837655049908323,0.115523883611056,0.5844640677155221,0.5421140592431681,0.33073558151462723,1.0781201072915867,-0.16984124464048342,0.18186683920247215,1.1129855423056703,0.9838050386312296,0.5755084348201205,1.1313070157214988,-0.22082006624757633,0.12131302081801287,1.0066327139563704,0.9421895935491172,0.4747620537552497,1.0683971897466025,-0.219106653420637
F1-A-46T,0.010460390748505466,0.13063574219591056,0.1842746517722383,0.1434993302966593,0.70891867622344,-0.08962424040085065,0.09756053586529764,0.5791505933296514,0.6814485980161954,0.38069920304374083,0.8498815538188064,-0.2246593717515972,0.25870090442625343,1.8141739970156894,1.5765911158947963,0.952140386953531,1.1506940377410744,-0.23973293815396018,0.3208514111901357,2.443814215202818,1.8231888769871352,1.0373336645463385,1.3404064965782818,-0.1721023491933566
F1-A-52T,0.025375343447253784,0.11209038785125247,0.36640390970562253,1.0961579250299613,0.3059202832778409,-0.002401335346789213,0.2460351874469401,1.1837585488497222,2.125786451683201,2.1936919522958602,0.5568567566664189,-0.20188567586229303,0.32277733666100716,2.3314446398319046,2.3397084994721338,2.4976611022925934,0.9964679960592981,-0.28327697424651527,0.4779719533155613,3.1355534665624507,2.978069390187965,3.106407327773442,1.0528812649206087,-0.37963138699437915
F1-A-56T,0.03306381141697565,0.07383533173785106,0.17547896674400235,0.6379679428638236,0.42076456858539524,0.05430275140744947,0.00919627966761477,0.03114434605264882,0.033284346839665996,-0.3562516075280492,0.9357054895105565,0.0062895414708511455,0.03740014138200115,1.3586193118102035,1.072522016040334,-0.2837513339266564,1.266751909509623,-0.08396439227664165,0.06767228520057578,1.627982695963991,1.0371348292748237,0.054320908663061385,1.5696924353628108,-0.052864394706392925
F1-A-62,0.07126187309263865,0.3310970209814067,1.2852703269098853,1.4282556446190655,0.2576088578792974,0.016340424303099066,0.04086402395146921,0.791896238374572,0.7677151166598151,0.507105551352823,1.0314975193141493,-0.18335008017294818,0.018835956242062288,1.4808165755894063,0.7525108082786134,0.5645349308566001,1.9678342946021066,-0.08830574394772782,0.007234605925776134,1.477846056753426,0.6294324486362325,0.494138771178042,2.347902558813768,-0.03866421745730852
F1-B-01,0.017823193361736267,0.030634389708873333,0.09241518979208793,-0.5372923734563639,0.33148652053621686,0.05603857376544047,-0.038171975665794666,0.46944519102404225,0.4433618242851244,0.007803469793671969,1.0588308810326073,-0.1318634456245275,-0.034736478583231506,1.2271714543501844,0.7760335575325776,0.38017075296668734,1.5813381295675066,-0.1401998607946484,-0.05046670578373483,0.8667287510645469,0.5195348683616104,0.18744456882231997,1.6682783078599455,-0.10067661605196693
F1-B-03,0.012113540873497558,0.07945051939387393,0.1160275512602672,0.0951603890513345,0.6847556337343921,0.002393247436566437,0.03727142027218319,0.5991344170169961,0.6687927594140752,0.38875501790464123,0.8958446522984096,-0.08493763462274287,0.003618376068464213,0.35276942061130234,0.31581368503924173,0.13394324207969666,1.117017524327575,-0.058658538021787776,0.0018221727224420475,0.3005808507475467,0.243613976117016,0.13109251864843974,1.2338407489526282,-0.04504960494709119
F1-B-03T,0.00996500640985093,0.04007237320599022,0.13772752144266956,0.05330726937136676,0.29095399950743134,-0.0027053946740357993,0.07182109097913292,0.3063333383489272,0.9259015545402561,0.692443450940456,0.33084871371776975,0.011539745004620572,0.09656320939510588,0.3744601410470638,0.6913838370209204,0.27915094544312036,0.5416096255020395,0.043886225866905604,0.08075845091064673,0.29903087783375093,0.5748949805138536,0.5245390667240131,0.5201487018837261,0.04015938876956429
F1-B-07,0.012311442180598903,0.13796556282819838,0.21670547274006205,0.06535018468481912,0.6366501089415859,-0.03586498876041286,-0.005182853562002709,0.963472669255758,0.7613148562990288,0.17564826405641976,1.2655377223813504,-0.1712629648472387,-0.04896235524352713,0.3255700948788931,0.20653093906403786,-0.2062322560711397,1.5763744471134442,-0.13109048597478723,-0.05606083899137085,0.32308648927427486,0.1904759504173259,-0.19870437271229524,1.696206206433957,-0.11673897053158855
F1-B-11,0.0037758627289449787,0.020639706856094342,0.06295389663320525,0.1135049833544487,0.32785431815840704,-0.028276493750601428,0.010713944850039708,0.5500020690890643,0.44523955877842686,0.13856971335150187,1.2352947042667708,-0.13601287624050545,0.015463975056439094,1.1182619465345844,0.6153175850898264,0.20310686764852848,1.8173736191390277,-0.06597133743062124,0.017697641489951815,1.2658538926699758,0.6621928567074837,0.37065651488822837,1.911609102768006,-0.08637413172382857
F1-B-13T,0.029435478014364247,0.11995209277052621,0.29165311932715043,0.3164494220490872,0.41128342137145,0.0025005969179011656,0.09956466307316136,1.0854403328329951,1.0781752869165793,0.7540065256467962,1.0067382790206525,-0.2432798398557653,-0.0039870741351694106,0.8723501199207855,0.6338616776527497,0.35332605952644713,1.3762468227313902,-0.28110365329456233,-0.044279808553516986,0.30772083310102083,0.19085379706833563,-0.00479667767552977,1.6123380190902918,-0.19931928693684445
F1-B-15T,0.09698790444221855,0.38454623233216567,0.9804234459682261,0.7384060948085694,0.3922246391735395,0.015940991406377003,0.2634135791489973,1.1439587613522566,3.1369163219914484,3.1808532567369903,0.36467621190036165,-0.05537559123426217,0.38812318542245183,1.8512130672081133,2.82529161254069,1.660154088175386,0.6552290244982462,-0.10108289451059818,0.4097299372604254,2.2488069183102204,3.312898543772924,2.5582193236765614,0.6788034371101346,-0.09042673302756243
F1-B-17T,0.03435366828227954,0.1628557113524779,0.17053268987091982,0.019386630644530722,0.9549823642361308,-0.003472977796893262,0.11030924578958462,0.39886943472770175,0.24955962242411625,-0.3160525442008755,1.598293148760418,0.018843167463861832,0.1476064675487272,0.645033977908648,0.3781476318044753,-0.12972199896976488,1.705772887775663,-0.012120564829084024,0.2044244344021699,0.9568108696431612,0.5702323687980148,-0.0033323273316321345,1.6779315275630706,-0.027005105707354093
F1-B-21T,-0.11029102467208318,-0.4582764277602128,-1.1843534556294717,-1.1952733567301794,0.3869422811086777,0.08422989244984136,0.11343539464981445,0.4606376837088356,0.9455569957840753,0.39139530991392957,0.4871601455678147,0.04075959043318789,-0.0017256259636666271,0.17268488208534372,0.20340573423153865,-0.16081394028254503,0.8489676200021721,-0.04852573274372024,-0.045511943870491706,-0.167794546589205,-0.14828829953373754,-0.36884683108108024,1.131542725331674,-0.03587318183597732
F1-B-25,-0.017638728165938367,-0.08468163750006852,-0.1486494985746577,-0.17552092694554877,0.5696732132435551,0.009614690028033945,0.0176179330162623,0.0721341610052878,0.057812658154109124,0.02058098280989995,1.24772261488137,0.13370163999825252,0.020416684937391405,0.08354358441053367,0.06380040259836404,0.04606801593858044,1.3094523076360003,-0.021295145801132065,0.014199267340988808,0.05880286203087659,0.04350543988994269,0.025477020079895277,1.351620904871491,-0.0315284142860387
F1-B-27T,-0.0026240339270557633,-0.03057715705095132,-0.05420724407456967,-0.037811947275369656,0.5640787974553392,0.05000504312972595,0.04122855642698385,0.2854905101337408,0.31220868853273065,0.5413371120616131,0.9144220536444526,-0.07450271779930678,0.037918470936492615,0.368566626010012,0.30059591359070503,0.38885628810892137,1.2261198816955865,-0.010808170008037687,0.056957529954253086,0.7064521028782647,0.5320466002349179,0.6005330710042739,1.3278011786304815,-0.028473451832501037
F1-B-29,0.03781219124416513,0.1593066936199954,0.26499532907095275,0.33176246790988234,0.6011679306896043,0.048992583472824036,0.28208725771484733,2.8242896774111186,2.0028401769758317,1.328071168191289,1.4101423118421892,-0.18800276292681173,0.21749570177020686,3.4201565173034716,1.8698835022717462,1.24640138078801,1.8290746525910722,-0.12716020182194143,0.220871736585054,3.4279338741080094,1.7172722635319775,1.171030759848275,1.9961504922100417,-0.10980043118071996
F1-B-31T,0.013066759723165344,0.050952763327606676,0.11094474599508787,-0.0010339574915773087,0.4592625173062511,0.04473373784407059,-0.017047175518839552,-0.07326150678211146,-0.07498743750389956,-0.14371745834063732,0.9769837351529934,0.27521277128417165,0.008545372066860013,0.025079737005937686,0.02187357741113976,-0.022827343713970327,1.1465768280393447,0.21961423792048806,0.05877879318394802,0.24754434894389515,0.22426302936105125,0.2110785649438976,1.1038125617457983,0.21724023789317465
F1-B-39,-0.01787340033625659,-0.10809059127440712,-0.4001265941912303,-0.3349046664186288,0.2701409824880272,-0.03769493927603018,-0.05189625378981579,0.042413446955853695,0.027156314542544396,-0.28079949605340193,1.5618263254907707,-0.05520906745715926,-0.036844779106614975,-0.05734334299419985,-0.02771874500334161,-0.2216629814440335,2.0687568281784356,-0.023021738226651142,-0.04585326687436643,0.0011776438494874863,0.0005684588833671747,-0.23880950133774026,2.0716429700454366,-0.022607203929960587
F1-B-39T,-0.01024675190362806,-0.04304650629672868,-0.07578411292613645,-0.06465651975272146,0.5680149128179977,0.026063466137072777,-0.007713107502812067,-0.07316209577990462,-0.11778402644939027,-0.07099867750466572,0.6211546504681693,-0.05249467074898795,-0.012983931515959807,-0.3681308355362378,-0.41522070141674056,-0.24437654667867928,0.8865907559044353,-0.11559096410215705,-0.013652347293897221,-0.4254739978849542,-0.5573883260809026,-0.3125215746044522,0.763334964111176,-0.121212925432062
F1-B-41,0.03613177623014213,0.19656228472146742,0.44533662597602514,0.3593819674595805,0.4413791124650264,-0.006770705562236301,-0.041645513094637154,-0.444405437149312,-0.5518111134550963,-0.5132811701731809,0.8053578956877525,-0.16301963789957502,-0.0005608808203972637,-0.07575089878239616,-0.07214050677842866,-0.04693954496637109,1.0500466681646194,-0.22326781226092635,0.005855149519013281,0.13418265534899432,0.13221002487541136,0.09760774263840502,1.0149204303943054,-0.21240519058897916
F1-B-43T,0.007915883824508516,0.08224429845459191,0.102073104605541,0.10645010078541312,0.805739168730323,0.02501763680679439,0.037146637759756504,0.41376658654037923,0.3455488079803359,0.3181788485895808,1.197418648204179,-0.08656082748229614,0.03233498043898711,0.7451320576208513,0.5104964250629067,0.4267332480321651,1.4596224792936234,-0.09978247750089073,0.03082553757075361,0.7907211716021829,0.4922444553184803,0.45028873797756397,1.6063587168099014,-0.1029048806737517
F1-B-47,-0.0007438904410734803,-0.0031707043666849843,-0.010845799312851696,0.006476087680971576,0.2923440011404109,-0.0005662886062255401,-0.0885597171510947,-0.5238707492294927,-0.5570426095539692,-0.7101562391921654,0.9404500486039342,-0.06222793502040888,-0.11842225864818087,-0.7189984013205404,-0.6525304686238311,-0.5069281208732814,1.1018618070614976,0.03430076661519729,-0.09015100826374711,-0.7612392330102495,-0.6025541888872472,-0.4956246388607512,1.2633539805209058,-0.028171844889468667
F1-B-49,-0.035192015255154085,-0.20219877625613525,-0.4552486780592445,-0.5379261211456892,0.4441501667135468,0.06673416971036061,0.0216625725905239,0.4829355298934741,0.3645034787248739,0.32010511754634263,1.324913363194518,-0.10635017344078271,-0.01679937075911926,0.5019781231570968,0.260779632193281,0.19553470689846056,1.9249130729084227,-0.061590500435533074,-0.003999028375771742,0.5216618235670056,0.26102954723959354,0.22488611598215938,1.9984780615206876,-0.04284144944007161
F1-B-51T,0.010101809861496919,0.062174643822416,0.1280019124688251,0.06735092274646204,0.485732147459583,-0.012294693233542847,0.01844738319142511,0.17968679820100686,0.3270294549191486,0.06547220912528329,0.5494514194307996,-0.17099068356258154,0.0024767465328910943,0.29711237790220024,0.4168955949184744,-0.3368412227811738,0.7126781417786431,-0.1954504067559354,-0.0318654851811743,0.23495471095043396,0.3062507013676274,-0.5553229574993297,0.7671972991447658,-0.18428483376166208
F1-B-53T,0.0071957167915232545,0.028062094195638432,0.04221615386872816,0.03957928337954553,0.6647240836504904,0.022853429448547513,0.0026913740136146544,0.08503396495347415,0.06211451094801477,0.029414540772761462,1.3689871119590922,-0.04170429879312349,0.0027927132957810998,0.18053995324925465,0.08680400406431928,0.07696912149636953,2.079857435095733,-0.02894511247048343,0.003311836679437033,0.3233112350647356,0.14069416987114788,0.10804003565958645,2.2979718019647444,-0.00974056300989731
F1-B-55T,0.011428591755409834,0.046374396190318745,0.19103472923647072,-0.16563679221922312,0.242753746272567,0.01827759000623047,0.14816992072891805,0.6085565772419701,0.8720880683754602,0.8076812930736867,0.6978155066100138,0.0779373299237327,0.18607614410645903,0.9035953574139783,0.8768640079077449,0.767220393125694,1.0304851713209398,-0.07583324894674184,0.23443124187424852,1.049930019670305,1.2335713497465053,1.2175552053531575,0.8511303540618562,-0.07411782817230733
F1-B-59T,0.017857228442259565,0.09253594434986656,0.09348809970277674,0.09756635737365606,0.9898152240131382,0.021878001030721572,0.015301826946616748,0.29443741089917513,0.3166225356504652,-0.14265802274924955,0.9299319465504461,0.21534518915285283,-0.04046729919483283,-0.004604821403398018,-0.0039039199331801435,-0.4805086131110199,1.1795378701957442,0.1292066481932318,-0.06776537948154249,-0.17307370902772423,-0.1311026460796279,-0.40981989107445543,1.3201389461094808,0.14457701810877177
F1-B-61T,0.0046925909337539595,0.027398064819355694,0.10730080104728262,0.2649263506657392,0.2553388656183713,0.11384395425142851,0.06331477254106221,0.257382905106198,0.3715614114332159,0.23849635858235385,0.6927062315577939,0.03027628097791063,0.1982352623184382,0.9462615065793369,0.9355965302001793,0.7542930944511513,1.0113991192088707,-0.022361210566120115,0.21170941256776835,1.0168598825176767,0.8911129925331818,0.5174693215599855,1.1411121721242468,-0.01852374731067888
F1-B-63T,-0.02404436141349256,-0.12219273693645327,-0.2344639822503196,-0.3832055542305655,0.5211578160691532,-0.017228139962624567,0.012753256344081587,0.3869334247532852,0.4115179533890926,0.18181880385403815,0.9402589159638375,-0.2039539050020499,-0.016013258285180243,0.24827625995716907,0.20112881437936994,-0.015912878769479777,1.2344141774180075,-0.14087049906925567,-0.024673632023575878,-0.05710758702768781,-0.04480882210422804,-0.18150825592935624,1.2744719531982363,-0.10291810243008236
F1-B-65T,0.03279219472339753,0.11304302029970326,0.12914317250339397,0.30603283743847937,0.8753309842743131,0.03803327154756017,0.005508411515409012,-0.028505749301735772,-0.02695476624723888,0.044833557654704675,1.057540215347101,-0.10849374992041178,-0.01331891205923108,-0.36401627957211424,-0.26005812548343116,-0.17917297666550502,1.399749686326592,-0.09918331576741962,-0.01368645371569846,-0.3653215457767969,-0.24062056290308756,-0.19762592363919895,1.5182474073254244,-0.06588623030396215
F1-B-73,-0.0069249061528355305,-0.05756101237127953,-0.08668924926559407,-0.08786487816116567,0.6639925118618464,0.0015465266399317668,-0.014731252868740718,-0.3480335109589534,-0.2886826645518617,-0.20786443579681274,1.2055920001265936,-0.12908326935832182,-0.010333262920847908,-0.10093340316468025,-0.05701849301707799,-0.07220481268155077,1.7701871414674009,-0.1284149800419166,-0.032159070615360386,-0.1867768070372371,-0.09790473209254578,-0.18326310004420354,1.907740341505493,-0.08811847020266882
F1-B-73T,0.02181954068600267,0.0914827639454554,0.22221771349790329,0.1587929100020274,0.4116807904529113,0.07430596448823612,-0.09025367105903626,-0.42127654002717607,-0.49111691890477693,-0.4163331203507207,0.8577927654511486,0.02106521723787652,0.0064943540352722096,0.03178663855554209,0.029841369638468902,0.02155132012097371,1.0651869850693956,-0.036442534914892966,0.008279123281091955,0.09716483969897671,0.08624516280596964,0.0043058724643587065,1.1266120503195485,-0.12251038054700794
F1-B-79T,0.004695643582927664,-0.023153686106743843,-0.027871785093793414,0.02342557395855166,0.8307213201030237,0.020641842927406798,0.13421190696887672,1.8604542324226954,1.6349677786268488,0.871842802982923,1.1379149220819658,-0.08942595475510953,0.021546321206193396,1.3491838992376075,0.884700548652462,0.5448038185737094,1.525017590745961,-0.055035339303624656,0.015633165413468243,1.38565117720929,0.8931385847273823,0.4528570000364627,1.5514402813895227,-0.04634150745823131
F2-A-38,-0.01378387498724118,-0.09506198703137647,-0.11075524234823624,-0.12849700015822207,0.858306884765625,0.030159438287267165,-0.04421042074596742,-1.6346919362712131,-0.8433300722681043,-0.7316733149799807,1.9383773803710938,0.028168281999309555,-0.009582337921982993,-1.2599620730145187,-0.4927458685683566,-0.4915952413917011,2.5570220947265625,0.010192959407536641,-0.00906460292445462,-1.3518541776445199,-0.49020566747788147,-0.4697674267675367,2.7577285766601562,0.011842719188085046
F2-B-23,-0.022734911004635913,-0.4231332026216552,-0.3645890068566425,-0.23365588984420593,1.1605758666992188,0.06747825148315852,-0.030694088873935436,-1.1478961726967212,-0.5534154086427507,-0.5562373158226253,2.0742034912109375,-0.0024660438640278053,-0.0038403656043042612,-1.1509162694275066,-0.44655211924326527,-0.4239700673801787,2.5773391723632812,-0.001338085876158605,-0.005693648500122629,-1.730203421793231,-0.5957751705673268,-0.59612235697073,2.9041213989257812,0.0006933589900171245
F3-A-08T,0.04977993610443615,0.20883974231197677,1.0682067948584721,1.089573133419404,0.19550497461462615,-0.07308591639357886,-0.11366609500141778,-0.658371728010976,-1.0036849384939297,-1.2999029956787014,0.6559545757445456,-0.06073771304853548,-0.1190484417955249,-1.1246749698100278,-1.3422142536984714,-1.062097554454653,0.8379250680068296,-0.04016816797614425,-0.09331198497299062,-1.0612357320160115,-1.4171097026328667,-1.1023529852530856,0.7488733794175058,-0.03033453851377388
F3-A-10,-0.010654164506352815,-0.041565494266857905,-0.15091093294321078,-0.11625873148654828,0.27543063617862196,-0.03942573186434445,-0.02801008836743793,0.2649799486656148,0.17765119459441317,-0.1026505034857294,1.4915742574688433,-0.12953324658134602,-0.04120271252787054,0.4145810606838958,0.18949276366788506,-0.14514544467546825,2.187846399298457,-0.06175040794556229,-0.0478108775233653,-0.17554675866309033,-0.07548500760959304,-0.320472581187859,2.325584433547582,-0.059655785948637644
F3-A-20,-0.009526637519055248,-0.03891450637726185,-0.10577106429407157,-0.10620961987242297,0.3679125915672855,0.10184468197724428,-0.025579447542747935,-0.18681429077990663,-0.207521258868221,0.06158503091771439,0.9002176056503994,-0.053004835201061806,-0.038431035110234046,-0.28154285196118756,-0.28259497508150516,-0.2121791098815831,0.9962769220506693,-0.05496079974917262,0.029181631102633915,0.17238761776652933,0.17444201164326945,0.16771224404066803,0.9882230555736693,-0.06258517120074614
F3-A-26T,-0.021251587537191696,-0.09322076019092429,-0.21901266619025986,-0.2270619178329,0.4256409540713134,-0.010670203562544778,0.04402784405879687,0.40410428191962766,0.6269526679306252,1.042935764298769,0.6445530940213551,0.0062919113602694365,0.08006902426866291,0.7400342821746739,0.8548672099828358,1.2194938742531962,0.8656716195601097,-0.04771234844981648,0.13976306223028973,1.4075402139489313,1.5366950745162826,2.135761871025126,0.9159528375478092,-0.08012916269986473
F3-A-28T,-0.007387513838394533,-0.04165915317206126,-0.12214766712982147,0.09556470447108797,0.3410556595222151,0.038327384119851926,-0.3662517452560172,-1.6186764717300077,-1.8520219895098011,-1.7707988244911321,0.8740049961061445,0.32825547835280167,-0.3761798741581681,-1.6261610918863691,-2.1859764806985797,-1.3766359820229346,0.7439060329536077,0.38959280476104197,-0.22020996417786065,-0.899000879120031,-1.5258473660798713,-0.9013643933495498,0.5891813946172728,0.27708589944880396
F3-A-32T,0.18923145261649044,0.7767587876263827,2.61626789136356,6.001310660535974,0.2968957384641324,-0.12175067558565067,0.010056271644553444,0.3870789950775474,0.3883242642405776,-1.3921812088095997,0.996793223401928,-0.11974943581600347,0.13580407316751164,1.4780833565710723,1.2039364903627814,-0.6156559168352396,1.227708744109652,-0.10438720707756989,0.10226980114738748,1.4424414538465065,1.1098012120414666,-0.4887165278750123,1.2997295715627772,-0.08576570967300357
F3-A-34T,0.12294760704239044,0.43506155701703775,1.1750284789240077,2.770682826522302,0.37025618086757395,0.1043453092364231,0.23672785036081093,1.005480924300239,1.1312527683182156,0.7574596506011801,0.8888207414467093,-0.004270324772070705,0.30239007796654516,0.8600559502451253,0.8895636493630928,0.819833390922597,0.9668290187676909,0.07235678907298639,0.2582073879781987,0.6210427077003233,0.7143797933145138,0.8277584880894424,0.869345288755812,0.10308128038891212
F3-A-40,-0.003449371274021895,-0.01908651974089881,-0.060460444619542,-0.03719027121895427,0.31568606319394604,0.07809186756284991,0.05941112950891286,0.24158737846267542,0.2599792987676435,0.21590179858635528,0.9292562123517156,0.0896292455284653,0.09385967151820923,0.3567573892909368,0.24639540131315973,0.18171077955556886,1.4479060379763782,0.06589286284446205,0.08169550937859943,0.5243404377328343,0.36328214335523257,0.30930816355480883,1.4433421717073283,-0.07542780103462704
F3-A-46,-0.006614489746226915,-0.03427331197744754,-0.14083914195137967,-0.19895025845034509,0.2433507581953271,0.024445021397125843,-0.06146028698527348,-0.3308876082757256,-0.31165589887666734,-0.3612726020611836,1.0617081514207722,-0.038729345615546584,-0.05248128522931342,-0.3430067806210457,-0.34777291156430823,-0.3546515058271573,0.9862952783705203,-0.09007008709279107,-0.0707465749995578,-0.4206453714493317,-0.4501614109153121,-0.477183759669797,0.9344323197184639,-0.03391601810596159
F3-A-48,0.012002639595762088,0.048231463439828315,0.13578716147447628,0.1457333523447735,0.3551989961060812,0.08785138900834588,0.07871943077612015,0.32857099311202337,0.2694392049614459,0.229822636732922,1.219462450384823,-0.02461600840719852,0.2180880815859621,0.9677398540310663,0.6564758723643175,0.5251075549764542,1.4741438257977744,-0.1935295821806578,0.22793829577384245,1.055789325744127,0.755252440585326,0.5874868507617856,1.3979290486315845,-0.22494097956188264
F3-A-52T,0.08396183858121206,0.39796944861509376,1.0350337136453711,1.2972362530080863,0.3844990200497452,0.016597964238496327,0.21477979198470257,1.0147386873097013,1.401817349147007,1.2734729609826623,0.7238736829210742,0.0500717057951435,0.17632728505008383,0.7205270895588036,0.7212811000575998,0.36635187240483846,0.9989546232408753,0.07663447945412621,0.23932623670633602,0.9923815655753192,0.8459306208095124,0.6039591854705357,1.173124061433857,0.07324905927505765
F3-A-54T,0.0342152105328139,0.14072331156959655,0.6675749319403026,0.8349942883298086,0.210797776903613,0.003492277837442659,0.10570379204059868,0.6066318476718756,0.671926469041891,0.7355185145499564,0.9028247518465526,-0.1743013790668214,0.11913104419068721,0.8424178764598771,0.717347302146433,0.7606816588058432,1.1743514946514892,-0.2225624155351611,0.10739967855793695,0.6609365201202364,0.6080918860686512,0.7259239644284838,1.0869023831138889,-0.19756600809863611
F3-A-66,-0.048334762787908936,-0.2083476583824896,-0.42905367371116043,-0.404585439878487,0.48559812244551376,0.20341585020617414,-0.04551057154130744,-0.167601721817761,-0.15293401705745235,-0.24742225490568623,1.0959087130680578,0.304668685492161,-0.0320183981898442,-0.26269517038075385,-0.21505852928701993,-0.2185395185897921,1.2215054722621925,0.33763739566218376,0.0007498610989017385,-0.059141005344857,-0.046880160603219714,-0.012104305028883162,1.261535894584696,0.26630584369750976
F3-A-66T,-0.03813401624058349,-0.16760176363234291,-0.5060497070180158,-0.4625825441127453,0.3311962467481009,0.09947034840921026,0.022676121729169385,0.09667201879361698,0.09671964994763316,-0.03119852845091306,0.9995075338461008,-0.02902775915192385,-0.008101910786095179,0.02372334349602223,0.017947064727923605,-0.11075513366363873,1.3218508906980977,-0.21968688372636247,-0.059292884385563405,-0.5358700648603775,-0.40252230331015054,-0.27993872312388113,1.3312804295653653,-0.27777198853806084
F3-A-70T,0.04817538822543502,0.13863740001263158,0.43650134065150387,0.019398698411412285,0.3176104792844556,0.09040786800830689,0.14587126451202753,1.0443310065394051,1.0602791040727562,0.6790598210940916,0.9849585854591578,-0.10612825849048609,0.042748110730280967,0.7983791341295137,0.6045583611351693,0.48680439058511016,1.3205989453696585,-0.10478509841235058,0.051670798391291906,1.0191266423182097,0.7170983564897876,0.5778895210912285,1.4211811156657188,-0.09239033944828075
F3-A-72,0.0760809601480979,0.27740666110558077,0.9380083172641069,0.24372977727893108,0.29574008673472535,0.09062338832837308,-0.03987891491587908,-0.23350107819341992,-0.2576725642360728,-0.4753961591170218,0.9061930162634326,0.005704667519982387,0.018942779709054863,0.003821556118180469,0.0028805014133691464,-0.23635378879433205,1.3266982270668732,0.028180183091768563,0.024921624222885103,0.030119623135433038,0.02351805612126524,-0.25017653543183094,1.28070206908804,0.025075949707269368
F3-A-78T,-0.032881891502787086,-0.21978290716866378,-0.7161629742094417,-0.43001752567005774,0.30688951409597487,-0.04976672113499825,0.02507342040834326,0.20907133350779827,0.20076632448343373,0.24591049636456525,1.04136654414396,-0.05507398934198915,0.03837087477887029,0.12450417412476877,0.07401484766281544,0.31636686869817476,1.682151325798362,-0.09908694903885663,0.04694837889915953,0.31044847262189457,0.19534890652593442,0.46431419279350494,1.5891999507080916,-0.10457230452768565
F3-A-84,0.009015575987937369,-0.04140417732280083,-0.11331898772923163,0.05359829047361442,0.3653772254102148,0.13142839830760145,0.08371453601529025,0.5147871648109623,0.38606833725765566,0.40952896328195654,1.3334094385145132,-0.08614305147314133,0.10522950929404801,0.8171398796418892,0.4784153012969384,0.4518258884998355,1.7080136806383506,0.01259880007476935,0.150979934355501,0.7892374247739546,0.5464892344736463,0.5046829880206618,1.44419574071594,0.09152620228444719
F3-B-05T,0.02480027469559476,0.1059494656547329,0.20936854167252555,0.20921067269433155,0.5060429079190369,0.06700677194284588,-0.08082336718536587,-0.3577205539502837,-0.457046434304449,-0.20892066732440912,0.7826787982596926,-0.08504698696626245,-0.052967490962108454,-0.224629378468865,-0.22952272841901708,-0.311212327840573,0.9786803251082883,-0.32165264847864306,-0.10444166269902128,-0.47571338166511035,-0.45256196579769126,-0.5002075702758367,1.0511563445828067,-0.2634522509829337
F3-B-09T,-0.019890714510677643,-0.0915763027585279,-0.31440988279935556,-0.3659001228529413,0.29126407205516636,0.04009162202255512,0.1805075715846681,0.9679118618951186,1.4348674689917198,1.014799366879553,0.6745653398743993,-0.054981042046117506,0.18732685018491166,1.4418150921131325,1.6460043443960681,1.187003340958293,0.8759485338066624,-0.11560614117114912,0.15235839981705854,1.2516507227076346,1.4388174708433465,0.963530770309116,0.869916266706154,-0.11542571737768412
F3-B-11,-0.024654414013241033,-0.12143782485551424,-0.2709425531851656,-0.5552760282856979,0.4482050657156172,0.11002956882234649,0.07508435849962225,0.41644741868647017,0.9009134310418558,0.8008090774682195,0.4622502055551243,-0.0859857645409669,0.053644906214837404,0.6153259555943273,0.6725747109552007,0.3573877315886184,0.9148811954592111,-0.12113554950414933,0.05467288627433185,0.5952642252458489,0.589535186993002,0.41798317539241137,1.0097178902621038,-0.10066224678017745
F3-B-11T,0.048298329895611614,0.14049560020018437,0.27866248085305156,0.1781055134305991,0.504178387309602,0.1461507716813935,-0.05190300697278455,0.7128414270457448,0.5450386796021778,-0.2088605996843459,1.3078730991460015,-0.19018197603173953,-0.047056250903851016,0.7516689104981176,0.4614516996212672,-0.1167998374228797,1.6289221843045412,-0.15369141496035477,-0.055253061281021004,0.9892475448887765,0.5624320508732209,-0.07978125057785657,1.7588747713664081,-0.13673921920013363
F3-B-13,0.04730853421999981,0.19436883193468873,0.4037027032401115,0.42689219617185037,0.48146527227756364,0.13008764147454877,-0.1663237800620933,-0.7243119983418856,-0.8831318705358611,-0.8219092808678121,0.8201629026278853,0.08230962314080847,-0.1311183354084221,-0.5551882607540323,-0.5147848686938019,-0.5708030583050099,1.0784859744668653,0.10617161708333006,-0.1392935586875157,-0.5999084279066711,-0.5335421184431528,-0.608356415735637,1.1243881357617493,0.15872455212480052
F3-B-13T,0.02381561749841804,0.07850756659606362,0.1958187871319392,0.23625460584591573,0.4009194814548954,0.04257409169268228,0.31353331892721514,1.435316889333687,2.0618995715566326,1.574630549807177,0.696113869527648,-0.07246197995906978,0.36858069525517406,2.068258202710856,2.2513007071738316,1.534065609297636,0.9186947776990849,-0.17365727913808687,0.4017274324009098,2.4423100357983465,2.4796757314306834,1.6436333883657748,0.9849312169495734,-0.21956485359454658
F3-B-17,-0.007011699589641207,-0.010246075457528647,-0.024615406727893373,-0.4035358925779349,0.4162464415393198,0.09913830783917488,0.003980588671993801,0.4261577627513302,0.4809402610685674,-0.7683948437300756,0.8860929251472526,0.15357846261663421,0.08867031919458801,1.2028213751488495,1.0432692142699331,-0.3503964539850464,1.1529347925698823,0.08047286983321078,0.034864535239937045,1.297470153463188,1.093544348646871,-0.6083826599407933,1.1864815131353845,0.14196315948755922
F3-B-17T,0.00046229151974341853,-0.03236059115469203,-0.13250837121026365,-0.0005848376537966882,0.24421544736477363,0.1294882980002232,0.03425425490334372,0.11396261554795795,0.12040214295609418,0.09950671348579326,0.9465165050219707,0.25431231840586926,0.05923571105092315,0.18075606947312217,0.1390066165443167,0.08477578078190934,1.3003414798999537,0.09462564784508573,-0.006808266393770662,-0.11366962577526118,-0.08578878775437052,-0.12109960115511226,1.3249939619233082,0.08195232497537108
F3-B-23,0.046485535903540876,0.15201084506659412,1.0016504925619423,7.487891316955414,0.1517603657117892,0.03781648992452713,0.1634451907201957,0.7184990215997857,1.6104931914907201,1.5172916448619858,0.4461360193238208,-0.08387287767567397,0.21025783338574888,1.0210471714523115,1.788152108170305,1.7798397822732233,0.5710068885007104,-0.21682380119428035,0.3477675290719925,1.7170719268946344,2.942132430569388,2.767302765438325,0.5836147649418796,-0.26519905379533826
F3-B-25,-0.035143268591751986,-0.1615185622818981,-0.31303487732684004,-0.31419845127618584,0.5159762505097999,0.049179377825983694,0.2709199703595454,1.2494548351290045,1.2383740341521055,1.2328472081328838,1.0089478628195607,-0.20082565266616142,0.16779243399286542,0.9818151478688558,0.854376183027809,0.7644850949098858,1.1491602497501956,-0.03229502388127442,0.2291999496167314,1.3990691567457914,1.1607370741834295,1.0512821472854004,1.2053282245077135,-0.013745779693431326
F3-B-25T,0.08823151663263112,0.36667302487035724,0.8457283340451168,0.7873440962647346,0.4335588747707682,0.1371997217171752,-0.03771727647772699,0.00944612178604598,0.011440721366668396,0.024997625827495762,0.8256578832141198,0.201903016781559,-0.03173606351691377,0.13038460624622195,0.10680547473906483,0.1174709795435119,1.2207670680249585,0.2403786200133552,-0.02540929548860904,0.1464250043221238,0.11092217531596034,0.12919842825304184,1.3200697146899087,0.24853869052318062
F3-B-29T,0.12877026911411416,0.5456768593894757,2.2132650302080545,1.5518685037341338,0.24654835816846582,-0.05652912377160496,0.05664644514943479,0.2283099291658427,0.34300211734002595,0.32289695938279717,0.6656225067541311,-0.0831532442982369,0.0060602992986260595,-0.0011780073950561354,-0.0014911822274294626,0.01827740341816722,0.7899821855353079,-0.2351296174072255,-0.003444489269923634,-0.029976187328349058,-0.041591402985775114,-0.07544859232891016,0.7207303715770628,-0.23178569666983712
F3-B-33,0.20227111144285298,0.9906781831895874,2.457826978668267,1.3482485176989614,0.40307075794504055,-0.11840110140863652,0.4097798623784267,2.404089981061768,2.869998056089885,1.162486465533685,0.8376625816733566,-0.14810237574575913,0.5189234560253032,3.379763251844035,2.975507468345701,1.8415050267414474,1.13586112211074,-0.2330935932937607,0.5202453967165934,3.6299858594201284,3.241252589695292,1.663465766306237,1.1199330379127845,-0.23244384340849766
F3-B-33T,0.11322466653475188,0.4780359569328261,1.3617490207610532,0.7609472541609927,0.35104556687374133,0.05455910070087017,0.012454613343178655,0.04369578248155237,0.07157522516359882,-1.0124877125032237,0.6104875308694779,0.13615420142717716,0.2695303774851089,1.6336568317787625,2.247164179066298,0.036523996606254716,0.7269859705834003,0.1151515935422932,0.2193812932683259,1.9643101869698572,2.1178120206303155,0.06575457626454151,0.9275186691901144,0.10466609558132312
F3-B-35T,0.1950408246838974,0.7681245962450383,1.757943856791924,1.9510853588734742,0.4369448963215416,0.016540435959405325,-0.014868292540086564,0.12982213030357248,0.1841574817157801,-0.48401064455510245,0.7049517027167747,-0.0606907891881229,0.024195848014796427,0.1961078371188245,0.17077336140047406,0.03166306517273343,1.1483514496089327,-0.003832980900238696,-0.011203811887823337,-0.02524756386752225,-0.017920822860380978,-0.1507351297388022,1.4088395418125077,-0.0014062586030150065
F3-B-37,0.04663636487393019,0.19627099049365326,0.5784041396428705,0.5386501299474498,0.3393319256235591,0.013175065895068727,0.018647908857550077,0.025771497407281463,0.030031462179193176,-0.39598392349157846,0.8581499380052443,0.07376991098364166,0.008933984525633487,0.02989625417779951,0.02679672009505717,-0.32801638244226156,1.115668412841095,0.015612517570267048,0.02117710058887229,0.06947231510322671,0.06265279845016467,-0.27601523541575546,1.1088461620511083,0.0395913540705663
F3-B-37T,0.01008639821037649,0.03463975157937205,0.10041576705195746,-0.9511401949957718,0.34496327216669703,0.059014965439143974,0.032658453436233165,0.06807980245730161,0.06782283559961302,-0.2380797900989466,1.003788795549711,0.08899057440448513,0.038808790772912646,0.07860674984643357,0.06142095079310932,-0.07115424259719061,1.2798035333450468,0.08588408934909282,0.14283514290343519,0.7111410004914995,0.5153124131826313,0.33368840882586437,1.3800191540106852,0.047246460960930256
F3-B-41,-0.06499678377628298,-0.26654387895614046,-1.0025324674060576,-1.0483747110743278,0.2658705704023665,0.1361702442521175,0.1129105602146735,0.47423270867059375,0.4289567987211522,0.477289933143196,1.1055488806435112,-0.04416627290972208,0.15588556186620084,0.6480749929724874,0.42318339094340157,0.5083004577578841,1.531428233815452,-0.10248606326854287,0.1757044559325459,0.7141087719951085,0.49902811501738525,0.6294176988293274,1.4309990770163925,-0.0888837935608362
F3-B-45,0.01498254414033695,0.059718150861527985,0.12458412547303564,0.17376299893503827,0.4793399691556456,0.08654945568073524,0.00011599404081186204,0.0012509264442947532,0.001048088481674885,0.025724699413159247,1.1935313345832457,0.20539109304600955,-0.03681258365639084,-0.27245701503598824,-0.1681031636891195,-0.13522261235788027,1.6207726794473354,0.4971733419623656,-0.06987712721478362,-0.5299451260341215,-0.3473261696902381,-0.32434164408359367,1.5257851906372375,0.5481663711961698
F3-B-45T,-0.012405307930643483,-0.05317007300689053,-0.21445018236597999,-0.15991207337308086,0.2479367115489352,7.212243650039918e-05,0.020176421029883262,0.1014282773157601,0.14045744515169659,0.33544052335024394,0.7221281663368981,0.06777578302065901,0.06945889716473513,0.3307072433006549,0.430155756790799,0.729590500645245,0.7688081307290054,0.09579637379770983,0.06662107552727414,0.3211226894876199,0.43520952273188795,0.7205137352424464,0.7378576816791034,0.11445828633448729
F3-B-47T,0.07334881298784923,0.29229295640248376,1.035224653356885,0.6662917719296635,0.28234736823034123,0.061191104215639225,0.09527399017395244,0.38149505740388645,0.5504060167481756,0.2622998933584767,0.693115710576307,0.220934959213957,0.08846953888636261,0.34956473136983945,0.32030547345454047,0.21173658499736167,1.0913479797885866,0.21197560662771525,0.11946886917724742,0.4781933006355893,0.4457327979672427,0.3347926330862935,1.0728250261510532,0.21952188247143134
F3-B-49,0.06786661948386585,0.23745431708143216,0.6297590224616629,0.49023984928588793,0.3770558397928906,0.18203434057783874,-0.11812346952235203,-0.6256733891489529,-0.5766007760095596,-0.5652920697223731,1.0851067414078188,0.4643204439656684,-0.07452394467893791,-0.33122878855279503,-0.25762709564729075,-0.2817096147348394,1.2856908071745299,0.18090255064423194,0.04165269177495129,0.16115220528915075,0.12838526406613035,0.058162902381799775,1.2552235372288705,0.1798410056562929
F3-B-49T,0.1669425165961056,0.6752855963975671,2.2808414182661876,2.0131500244711686,0.2960686310716396,0.036192442906524125,0.4399784749297726,3.760696229719808,2.614351960681424,1.246480363354182,1.4384812321672222,-0.10489994573723896,0.3118207786551104,4.676560524088979,2.2410329804187814,0.48156308431454686,2.086787907608156,-0.055530053626870135,0.36136603149887697,4.961719075163106,2.2053036773282173,0.5302505703249891,2.2499028710523703,-0.04081791299271193
F3-B-53,-0.004600269421597136,-0.021905182542750534,-0.052016414026290786,-0.0705963064918681,0.42112058189322593,0.02257578962722029,0.0062822878006608684,0.12701815108895587,0.12409916045756599,0.09920776769239763,1.0235214373782004,-0.08123979306409057,0.021208133223704503,0.39965266248803566,0.3227773991486938,0.3440306580468665,1.2381680487608357,-0.09902766049891978,0.022088426867767047,0.3468652830694161,0.288321257750185,0.3268624503727613,1.2030513662990343,-0.08909477663452178
F3-B-53T,-0.021878341758382824,-0.09895982667076686,-0.28167132516327026,-0.25138648295675187,0.35133085206101466,0.014788770378539484,-0.08715315717031646,-0.5972728687560991,-0.5882312010149543,-0.4898992897467839,1.015370942115182,-0.02905335771049844,-0.11427859404630533,-0.7366331197671392,-0.5060389560746743,-0.44772513307975936,1.4556846087130828,0.023795406227847732,-0.12756001287192892,-0.821159505459728,-0.6001230240640686,-0.49621061949456363,1.3683186155711664,0.013639320588165055
F3-B-57,0.08311855705313806,0.48148026393224996,0.8969539103557224,0.6822808253811785,0.5367948769422277,-0.04184566509977247,-0.007020116973563306,0.10841199115634326,0.14114471808270632,-0.10585637695101585,0.7680910247935546,-0.08850276639532834,0.028602862357355333,0.9092781270565102,0.8078763510718412,0.6142163678832202,1.1255164553958479,-0.09847991522430433,0.023702344031791833,0.574468137340582,0.4936928657817583,0.47188826424979546,1.163614419323068,-0.07282073624520265
F3-B-59T,0.053173004513190736,0.2698030135742012,0.48491610688688486,0.19566986659800034,0.5563911153752158,0.08510987053627328,-0.11984870193500013,-0.4624815136982696,-0.6184816976929582,-0.09051020449468505,0.7477691181863654,0.19203040800565718,-0.1199413158971473,-0.5670749262504176,-0.6176626458085788,0.006742425346561554,0.9180981399774677,0.2870389533350023,-0.08123031751307946,-0.43638846891667493,-0.528777838351589,0.3651424906328278,0.8252775310649771,0.3087452482491139
F3-B-61T,-0.02146245337013164,-0.10854643886584325,-0.25599395105549455,-0.6294633616685876,0.4240195458458801,0.039426655020588675,0.006102064025482218,0.3793722802940027,0.3445632082609503,0.13339993051820265,1.1010237634155362,-0.06499459023628448,-0.03603229044655687,0.33188962721035686,0.19769157362460113,-0.12321398162680619,1.67882535975249,-0.030312151190850203,-0.010633149794265568,0.47408732232518025,0.28860085569025473,0.034335904885856694,1.642709343987537,-0.024824136359914022
F3-B-65T,-0.024170061135604354,-0.15318885702670038,-0.2532692353518739,-0.2804485452417668,0.6048458937931047,-0.006253960407195197,0.011284687158331475,0.08374013831213878,0.08141913903140005,0.07265130904494495,1.028506802065834,-0.09430554757646628,0.06803257686301703,0.5414128443173558,0.4980840428587416,0.6812156087042232,1.0869909447609074,-0.08015434344174172,0.06686662927362227,0.6376597641392958,0.5397163932791412,0.8254950683124902,1.181471921327204,-0.10727976644724073
F3-B-69T,0.0786332673193364,0.28462006405727824,1.2369566281278315,1.708980786354652,0.2300970442981972,0.09652181563303219,0.07658468755574105,0.33605867691636426,0.6393190102339413,0.2541145788302993,0.525650999793347,-0.054482909436185833,0.15762532962544717,1.36760880650928,2.211186918483833,-0.7301570659088512,0.6184953407046303,-0.23410875773998768,0.14568559495788658,1.410215330419839,2.25338929169471,-2.159848864106861,0.6258196644572036,-0.2556730977815249
F3-B-71T,0.07936451060619315,0.3094478650109448,1.4456611068206016,0.8079920259320986,0.21405283959772844,0.07128760679076535,-0.020309955365579835,-0.1280919576970868,-0.13501771006555116,0.038197802331560116,0.9487048597913422,-0.04554445607925045,0.05603981538672892,0.30336993094092823,0.27833356974993034,0.23842488273432572,1.0899509218866121,-0.10533417847375287,0.08496062125031734,0.43746065520173794,0.4771127953756267,0.375362126924983,0.9168914760655895,-0.10366676028793853
F3-B-73T,0.0956402505291794,0.4896198279015983,1.723760676398922,1.3071877964702354,0.2840416506799856,-0.08078325361037342,-0.01858482801229662,-0.6270064555918506,-0.8230829395457397,-0.41291278906401163,0.7617779757868582,-0.02202702090994095,-0.01763284411805789,-0.7302591626782728,-0.7675614764993709,-0.26818643137845166,0.9514015294368038,-0.005414822323142596,-0.0374444196889801,-0.7911857730965781,-0.9347945079176614,-0.3282354714898379,0.8463740066883955,0.015116386061906434
F3-B-77,-0.04820652910092127,-0.19958737862701925,-0.5118461101162666,-0.26481404423431754,0.38993630054487016,0.0697463138136134,-0.2505714668841027,-1.285696978411407,-1.0989099974349688,-0.6230823201159335,1.1699747762896222,0.28394923002464634,-0.17970037522467963,-0.7619370389443932,-0.5760172501618547,-0.17356375540806174,1.3227677447685762,0.09384966915342396,-0.3030740371726282,-1.3357002968496463,-0.9879476261721203,-0.3208111465393453,1.3519950465642807,0.10833389705584817
F3-B-81T,0.09729970926481607,0.42903467682891194,0.917465037620652,1.1881901326087647,0.4676305463819828,0.0513012248621785,0.006389274153381808,0.2798850483984052,0.32215370210252076,0.12499480911933591,0.868793518658171,-0.04360771338689645,-0.04738364647897926,-0.8317059896197483,-0.5334891780494994,-0.6365052279471315,1.5589931789442582,-0.0217327486722267,-0.04035558074596782,-1.0652635282619363,-0.569142054654169,-0.6119183379752602,1.8717006054125245,-0.003409951140817739
F3-B-83T,-0.0044274985833542835,-0.04220273989944956,-0.1300512146577673,-0.27494424461278855,0.32450861770500966,0.0488638896389359,0.1258789722592399,1.8892346539557767,1.343473036107234,1.183109492810243,1.4062319102658796,-0.014046711879864959,0.08953717556541947,1.612341071740187,0.9261001329703584,0.8886338457026955,1.7410007993075118,-0.00197353274965276,0.10810313687593881,1.3265086536812958,0.7831229115731654,0.749255705060925,1.6938703159846997,0.00015490127016350684
F4-A-02,0.13496358602899983,0.6163646413151788,1.7988746597967722,1.7895343134981565,0.34263901487433956,-0.01858692572370857,0.42511994868016467,1.9765110082294668,2.2052820836612907,2.0174007083053116,0.8962622164634786,-0.1423163226951575,0.3846769040378042,2.2973404659430976,2.2485682871084522,1.8345740343054913,1.021690325846125,-0.20847749929819354,0.413999588690918,2.59079010513104,2.0671636704475698,1.6446312780495456,1.2533067130432385,-0.21207866075138251
F4-A-08T,-0.01475523872869694,-0.06291718110584893,-0.13105276620462333,-0.14519217489169536,0.48009044698538617,0.030085185265351533,0.07739489018557638,0.31288090729549944,0.2222321584358719,0.4498689043676474,1.407901131400771,-0.3045044970582238,0.03868875682815487,0.47136701667244996,0.213066481854206,0.2705721550067145,2.212300182414379,-0.13862966211626673,0.03787677570406868,0.3564545818105036,0.14434138302420052,0.21868775081183175,2.469524500473574,-0.10879620308875605
F4-A-22,-0.02124415692647716,-0.17409159935766594,-0.37193354494348085,-0.2721491603653598,0.46807178788920734,0.08069918920618385,0.31454987666492806,1.8544622305093028,1.8433458141883785,0.9183890544584659,1.006030564767262,-0.1385908540050097,0.34284563323857165,2.7188258872556483,1.9870325131852329,0.8772797035318901,1.368284549555429,-0.14558276753163757,0.35743811755762267,2.4701629496075492,1.675245828231729,0.8462070465997037,1.4745077456571722,-0.11526407537320928
F4-A-22T,0.06095765023887259,0.26266479316133806,0.7307369068243432,0.8116600950805521,0.3594519323005513,0.12660324273918117,0.10676365649699954,0.6533677990844258,0.6647144655089477,0.5078990901340048,0.982930014294432,-0.17585558387151717,0.0314000997705878,0.27506729179096556,0.17456328295846757,0.15088834655798458,1.5757454095109458,-0.22624969358588154,-0.022979645119388048,-0.1593623787490943,-0.10418171305759738,-0.10820298809677639,1.5296578840183788,-0.1492716403690607
F4-A-34T,-0.02003393966323419,-0.09582618724907066,-0.26432975610222265,-0.46045866330260915,0.3625251604742236,0.07742705189647392,0.17825519217951447,1.5906117057659028,1.1126095007356338,0.735516601193132,1.4296226166631008,-0.07763784856434897,0.09033505460090802,1.403725674047603,0.7015721713781647,0.2914400729364096,2.000828612244028,-0.05037556465559793,0.14534077931044842,1.8939049641891543,0.8870667892539775,0.5147755659327155,2.1350195804105425,-0.040361724297996296
F4-A-48T,-0.023321212444983364,-0.09374727807267091,-0.340734810686959,-0.5462916607048516,0.27513266954927806,-0.034452507473317906,0.4689626901533023,2.2365163298832766,1.683941826983903,1.2036028483987993,1.3281434631795364,-0.1778981285308192,0.4323369292094781,2.387716960745645,1.3291635435101687,1.0323567410535266,1.7964056962019572,-0.2320199025690548,0.38125633382858315,2.9298304075449666,1.590168204493185,1.127436788038657,1.8424657210893962,-0.2158464864414348
F4-A-50T,-0.003321531372219688,-0.03840971138095073,-0.11668098291987901,-0.10165915488762867,0.32918570292920324,-0.06727724563273307,0.3558331034472174,1.9571057425363805,1.5855713001699607,0.08867350818005226,1.2343221287662018,0.039726896794897576,0.21171710840612368,1.0229519610766094,0.5154326917831854,-0.28214387585041534,1.9846470303185773,-0.02202011166898922,0.2872415169499216,1.6714143747578385,0.7891088081813071,-0.1716748265637864,2.1181038120839366,-0.02938831311915921
F4-B-03T,0.05534947202774507,0.2836355404635794,0.40936439926499074,0.310796908879553,0.6928681169462804,-0.03379834707910398,-0.06366823766735225,-0.26282304335502304,-0.3535101944062427,-0.4943188010253462,0.7434666595583241,0.16672498807551234,0.04030136423035258,0.1563063142171447,0.14838215195600393,-0.06034422618434612,1.0534037426785017,0.09195373659817063,0.09971030589631286,0.4444554030168477,0.3964239820274142,0.07709308245882845,1.1211617439080968,0.1532804328757265
F4-B-05T,0.0218218554903597,0.23087586476682453,0.34296502094304915,0.26974612941010195,0.673176127792818,-0.059620409358839166,0.06733203584553384,0.9045449026887382,0.8369534214215719,0.5426891121814276,1.080758952095998,-0.07162870858945526,0.06607907406710264,1.8604769457535095,0.9986798660038279,0.8905171920620192,1.8629362712578992,-0.06767369277388284,0.05480903261623634,1.9934362930633172,0.9847651803642479,0.9148615603612373,2.024275769301651,-0.048279776163629794
F4-B-09T,0.05588970445190389,0.2508420443168149,0.49460086849399176,0.46742303872743995,0.50716054155061,0.0029973846873128096,0.14556421210018727,1.8278510329105309,1.3785920214826934,0.8509992635888366,1.3258824978144395,-0.1469372249515903,0.13741863430206971,2.3679784658426435,1.4432456612185596,0.8149123463589119,1.6407313941573292,-0.12518774481221925,0.17532690845442922,2.7784534315152825,1.5962872292052235,0.8707476193920904,1.7405723610898325,-0.11055014079558804
F4-B-13,0.003161269618653123,0.01666296690633251,0.03551724599897161,0.04486160599895845,0.46915143439936136,0.07921522974819192,0.11218361577892799,0.5249309552117324,0.7757508178822903,0.5489257519067701,0.6766747041849508,0.0549163017590199,0.15507671727538594,0.589947891213902,0.5313618842496612,0.4018057673498946,1.1102563219169745,0.10074892914553799,0.16953862464838962,0.504640891539851,0.35520345703492984,0.15911334341036715,1.4207094034285424,0.15949522821695802
F4-B-39,-0.020185361336205243,-0.1017940569083926,-0.2402673055251094,-0.3309408048983096,0.423670031533918,-0.01196367163841161,0.009555894440480009,0.23297990299780302,0.21628227220075827,0.15640191952100946,1.0772029562438923,-0.09672778967979871,-0.016264247569610604,-0.03241413370898316,-0.02155546165445027,-0.09278918821464294,1.5037550217483302,-0.11258544383405981,-0.017481107869472073,0.08610652638346661,0.04987548952139105,-0.04121947005631027,1.7264296994325532,-0.09551405937780952
F4-B-47T,0.008878428454313358,0.17621283175849245,0.5601838659430258,1.6804134866980838,0.31456249005288983,0.08764319405024301,-0.0752493174953322,-0.3142652355050363,-0.3778826305596766,-0.2746487599375834,0.8316477395099705,0.2482513206383808,-0.14593826561912981,-0.5985408613939234,-0.6035948099592827,-0.4660935751938177,0.9916269184526284,0.3559035620910168,-0.19166523566571025,-0.8114445975812759,-0.6155808141148261,-0.5552260178299119,1.3181772059418257,0.39846526903278734
F4-B-49,0.010561253551820637,0.011987302412835632,0.011859927533816044,0.03530786190972546,1.0107399373778976,0.039039696047213135,0.102231516100591,1.6952190447443787,0.9725183007278417,0.5678567954333453,1.7431230275827827,-0.23920146948012366,0.18907164541136898,2.7249453391339475,1.2477131772481105,0.8209407520583787,2.183951719692455,-0.22653721243122601,0.0510677689324531,2.7049621492247997,1.1362537180534167,0.6968860910243624,2.380596961969753,-0.1590276240936129
F4-B-49T,-0.01865189977195522,-0.13641753951445967,-0.46048802623839347,0.267672952802136,0.2962455736988841,0.03887288139192821,0.11995803623502926,0.9445608836979524,0.9567663844569466,0.41805464093088807,0.9872429665618719,-0.07986203256464974,0.054877668108783445,3.1349643288221127,1.787106285326772,0.7130703789094466,1.7542125807301299,-0.07952649472686513,0.030296267327991788,2.8989301027883547,1.5454829542027957,0.4570355197363416,1.8757438216351638,-0.06445221911261961
F4-B-55T,0.03437369511142507,0.1391911057527917,0.23409312311315017,0.2547448683867939,0.5945971581809899,-0.004905682075547202,0.14605943729483967,0.6481098033700406,0.4918740592709697,0.45221880382398705,1.317633632337992,0.15672551221911346,0.11218710815304722,0.46214552671629827,0.2968616525989316,0.3287894193634921,1.556770713463183,0.08566862403562892,0.10108314917271488,0.40841024329539033,0.2506932733594293,0.313142040730266,1.6291232621540495,0.04484847858047103
F4-B-63,-0.0010047336415075492,-0.0035407363893437127,-0.00519374914427593,0.02058568025271984,0.6817303437240485,-0.008947602355358741,0.2509711337044316,1.230799474441723,1.0936905820889096,0.6903326365062107,1.1253635119458927,-0.19533368277658444,0.28227235151975016,1.2117057748337854,0.8696835668635372,0.4577005408379832,1.3932720141001758,-0.15024520222954602,0.25278367702132093,1.0964791944361185,0.6811552549890573,0.278927322560356,1.6097346183635233,-0.17694310718037226
F5-A-28,-0.051816545584078,-0.2297088984964072,-0.28528416471036516,-0.38807962184366046,0.8051933016668459,-0.04477827496488063,0.3440778701307926,1.5259443213537915,1.2864446289810807,0.15090496746542548,1.1861717846048336,-0.07408601033648193,0.22251818196677753,0.9257260155405354,0.5554305104078311,-0.1962080847961697,1.6666819668599238,0.038285586164544194,0.2647555051527298,1.2490990975264737,0.7168389797974211,-0.1781812995193468,1.7425100095414308,-0.05653433924026657
F5-A-34,0.010611571624408456,0.1145431969293802,0.1741892045653238,0.14684189413969467,0.6575791950782153,-0.026457112567438684,-0.07345236741439613,-0.8940071085609325,-0.661938177882048,-0.8486285382626959,1.3505900376095805,-0.04255880587727577,-0.06806438806969264,-1.1635622848518707,-0.6313735549059151,-0.8465677479858916,1.8429062728565824,-0.02616689208761317,-0.05630100873982152,-0.9887762755916483,-0.5289898315090866,-0.7228575803734623,1.8691782274356699,-0.022475244256119988
F5-A-46,0.002632419334128999,0.1479991928183828,0.21886321239068537,0.013703659485777342,0.6762177672609246,-0.05534698407282501,-0.016732002925966716,1.0130106014863667,0.8388488111703786,-0.207762174067058,1.207620000167842,-0.14915725208413053,-0.07264840437577402,-0.9226843050115863,-0.4064091888440159,-0.6239358661234159,2.270333275770795,-0.04897629644507482,-0.05606305662150393,-1.4014549426829728,-0.5684470682157555,-0.6848964448368222,2.4654097470884433,-0.03094732573461668
F5-B-07,-0.030164039222233152,-0.1288026679909567,-0.4136679308693741,-0.5323382249780968,0.31136730304488924,0.02474267308975414,0.011604709555882525,0.005858227083180401,0.010925215725241053,0.4282884697875543,0.5362115706004648,-0.05155004243980768,0.07245977238596119,0.6855765105338707,0.7859992697905874,1.0369470928837334,0.8722355565502342,-0.11399630853754672,0.06786197575873291,0.48799489618545056,0.6487788609384537,1.0002549569577244,0.7521744704806961,-0.0810727760609562
F5-B-13,0.0465249034230974,0.30981202208438596,0.656482014821755,0.4574583360054719,0.4719276615194168,0.06743951030031742,0.0567059041485774,0.40056142698371366,0.43439381287131346,0.29459198997829505,0.9221158660986214,-0.10025486256292443,-0.0054115965971493485,1.1118079553820162,0.634918017807763,0.3413346285563228,1.7511047476977464,-0.13484565918023764,0.0018392852950246397,1.52444971006874,0.9505623957299529,0.5241946992167319,1.6037345017189422,-0.1293879788026673
F5-B-21,0.0046809116924521055,0.0003098036105961821,0.0006727331690662193,-0.13089015587866853,0.4605148442824694,0.07843569696829189,-0.01956597773745461,0.7742549844438821,0.5607486812604324,0.16160897286609932,1.3807522163111239,0.48989830833433967,-0.33522291666281634,-1.6349661762801606,-1.088848922072998,-1.1521121703091193,1.5015546630357504,0.5671764718839509,-0.5522396433233249,-2.536434504690737,-1.8366466477802705,-1.9459461230556379,1.3810138753451646,0.5757922742542233
F5-B-31,0.02327345676672289,0.3248999268642607,0.38100323966972066,0.34166548071048497,0.852748462574507,-0.0516319809199175,0.051021777649344346,0.9462593408137931,0.8335757484029582,0.8078319977188333,1.1351809870029503,-0.057261576562932376,-0.009785762871688974,0.09429031998135251,0.059823951868621494,-0.038253916267926485,1.5761299117855354,-0.05102848363666717,-0.004336945438081642,-0.4604906704823941,-0.29284407036503085,-0.24215067739255866,1.5724773593960477,-0.02985365389926005
F5-B-37,-0.06728980446211585,-0.2590785685372947,-0.48323438165064386,-0.6693895175335468,0.5361343860764373,0.09880440123451123,-0.20485361315880446,-0.9305860153618567,-0.8034488425719455,-1.0046627636816106,1.1582392879961447,0.09583607562189478,-0.29950274968010043,-1.6998242511091823,-1.2934205166248398,-1.3621674094254081,1.3142085108908328,-0.050389119404451344,-0.24275345663687836,-1.1440556497471088,-0.8835622091753043,-1.0447571047755297,1.2948218448760307,-0.023007853573506765
F5-B-41,0.012013491332639792,0.04555352163913107,0.07973040639826738,0.5554863518625196,0.5713444054402937,0.10274185795443569,0.04431829850799274,0.08061715817949344,0.04767679692483318,0.11186683796435358,1.6909096956868503,0.2841302012377461,0.08068127183873985,0.41202758446793997,0.21765428648263346,0.250594489387088,1.8930368481431927,0.2248021137135945,0.08492174304483269,0.3570182377674704,0.18057541867842242,0.24750201994001725,1.9771142738052625,0.24014429644019109
F5-B-53,-0.014435256598165913,-0.05656995222445549,-0.14520118103837296,-0.32433145346420067,0.38959705299852554,0.03252856356389611,0.18693457364142876,1.0051799872020843,1.2407439146422181,1.029457130077866,0.8101429919097679,-0.1970155433183278,0.13300371993997276,0.8491137517165207,0.7046562788983342,0.4932404878295195,1.2050041660652377,-0.17212373910922804,0.1263833822334064,1.0424395591566942,0.8924038786543949,0.4744742450841123,1.1681253119703263,-0.19782144419082276
F5-B-55,-0.024198772783515787,-0.11841842671852654,-0.16115911842957925,-0.0637701682174393,0.7347919737490444,0.05892336071064763,-0.1670032718388132,-1.817045368948091,-1.3390234114809505,-0.41955235038339445,1.356992979636145,0.26621895716021526,-0.42348979065846115,-2.8080976771254624,-2.0165665324538775,-1.4870474329943346,1.3925142721219335,0.2630269753973562,-0.3145316424986424,-2.8354830953129007,-1.789953990601897,-1.4734196882081736,1.5841094856071858,0.19034613700327974
F5-B-59,0.02463052501122892,0.08519987478196511,0.1630865642596384,0.143933314066865,0.5224211765619423,0.10600777125268618,-0.03395489731680848,-0.14610940666230465,-0.18105945923265437,-0.4068617882851719,0.8069691983038552,-0.11305487218214633,-0.006218444018610242,-0.07814780076744343,-0.07017907405349273,-0.05749993214656902,1.1135484732653593,-0.12706754783336077,0.021724976337923446,-0.0038058382794252665,-0.0033322071239949096,0.2845191191553536,1.142137369558988,-0.12103894635817378
F5-B-75,0.07042446309387546,0.129127975814896,0.21281380583189863,0.7667265194907094,0.6067650325134171,0.12831557798615217,0.004713830863920368,-0.42477844329228476,-0.3292344696737606,-0.17936327702947985,1.2902003964323632,-0.10286395316595251,0.013045390818068936,-0.5869687466567663,-0.3620782315755345,-0.1675874594194539,1.621110289073859,-0.07649072230159873,0.010786821281493372,-0.5893436274119721,-0.36123509588680136,-0.17055424249921747,1.6314683543280415,-0.049387535917258
F5-B-79,0.019559622909376267,0.12615435548469733,0.17857857671627486,0.18571449091811115,0.7064361123514329,0.015265615244341113,-0.011293581859406432,-0.11382578028395662,-0.14635318903055444,-0.27571414046782616,0.7777471815813524,0.24323753876627785,-0.022360869019484364,-0.22639159985551593,-0.20850560261684548,-0.4250712319364218,1.0857818543683844,0.2650165223003102,-0.021393887853381643,-0.24599651097293918,-0.22756465710812265,-0.402066600968919,1.0809961181979986,0.27102021691761435
F5-B-81,0.12059260542314493,0.524128023297662,0.7659459205029805,0.2983138758546413,0.6842885499716196,0.037507638845573454,0.2390554607420845,1.1564156836024324,1.4081767737331643,0.8432326176902858,0.821214853968016,0.2988666207254582,0.18894987232759464,1.2998835849254111,0.9585048995907316,0.7825124134241865,1.3561574755438845,-0.0258931881796131,0.2406061117401218,1.5117398093013463,1.1708724610835703,0.9094522002412184,1.2911225257636723,-0.0171993771335847
F5-B-85,0.042012454407825195,0.1705334161993488,0.49727259288611736,0.5067584108557114,0.34293749271318363,-0.016255643025854083,-0.0060396357731791195,0.3532882153446091,0.27912876835470934,0.09896524524604888,1.2656818479407321,0.28379357136058614,-0.13210070019225362,0.19765999024617542,0.12206421887441318,-0.20706451521779112,1.6193114744750843,0.2820199883828446,-0.16042303567284888,-0.3689550448444243,-0.19349121712152323,-0.5014486593557754,1.9068309680056437,0.21726158262572115
F5-B-87,0.034386619303117705,0.1422360418852947,0.38430211381815993,0.6266945817168793,0.37011516921449067,-0.1420810114377633,0.04703444672469015,0.18975315077372423,0.2511223114070099,0.1773941667437181,0.7556204373500657,0.1599329996592116,0.04943028309170561,0.23898544533947064,0.3302065697752257,0.26011163657345615,0.7237452770917003,-0.06551429548522053,-0.015225844869428018,-0.06987561786512997,-0.11387220995070296,-0.08514267710300043,0.6136318764286757,0.008380649717244781
