scenario_id,E_prob_base,E_logit_base,S_act_base,S_judge_base,sigma_base,sigma_D_base,sigma_J_base,entropy_base,E_norm_base,E_prob_instruct,E_logit_instruct,S_act_instruct,S_judge_instruct,sigma_instruct,sigma_D_instruct,sigma_J_instruct,entropy_instruct,E_norm_instruct,instruct_twin_mass,instruct_g_null
F1-A-02,0.018619282278462823,0.05390870792011587,0.22520045744068046,0.17129174952056458,0.5750273909156858,0.6095714710372805,0.5404833107940911,0.9449977448900724,0.09374980874262442,0.08463731122360228,1.360191421595843,0.5570019139599776,-0.8031895076358653,2.2991940065151946,3.155481472025868,1.4429065410045208,0.2847709543348864,0.5915948883571753,0.6682181805372238,-0.15773862237886002
F1-A-02T,0.001799560982553433,-0.0014804113454105483,0.06809040614354522,0.06957081748895577,0.3966182303420111,0.4160914967002576,0.3771449639837646,1.0049110250471138,-0.003732585222151697,0.010543911165000829,1.4278262222894065,1.3756592134212662,-0.0521670088681403,2.3549055291797583,2.784971862684345,1.924839195675172,0.13670268428131838,0.6063199583155828,0.5492330528795719,-0.01919168713367415
F1-A-04,-0.00040187386783085977,0.0017767534603378987,-0.24881410383715596,-0.25059085729749386,0.2705687900960773,0.2757494578075446,0.26538812238461,1.0581301836976353,0.006566734691414278,-0.02463521018486392,-0.6002757395527438,-0.9019738187685333,-0.3016980792157894,1.43869801977712,1.9698488807458645,0.9075471588083754,0.5300992888794414,-0.41723539707501456,0.5974564477801323,0.25283032763822355
F1-A-08T,-0.014907913626536512,-0.06248932624024672,-0.24565746396657262,-0.1831681377263259,0.20202863502178292,0.16574447160268657,0.23831279844087927,1.0657819581959909,-0.3093092532823828,-0.1618927116068647,-2.1129446621784282,-2.3823694412877847,-0.2694247791093567,1.186050070442798,1.6270196497367673,0.7450804911488289,0.7675407782068937,-1.7814970167234043,0.6736511439085007,0.0782670823517933
F1-A-12T,-0.01603048166952553,-0.0673673745322727,-0.056396446012479506,0.0109709285197932,0.5631399060924313,0.50748822134201,0.6187915908428525,0.9695190445416584,-0.11962813113303913,0.14263919756038573,0.7833172937700189,0.31222968993328937,-0.47108760383672954,1.9055304729527232,2.2731036191312715,1.5379573267741748,0.4181594869757026,0.4110757108786752,0.8642629534006119,0.1528926629182386
F1-A-14,0.008683499673016293,0.03570328569094072,0.6982025578996545,0.6624992722087137,0.438809937947502,0.49686276491122383,0.3807571109837802,1.0056823685029244,0.08136389494262586,0.43856484489454484,3.548600442131826,5.065924296791474,1.5173238546596481,1.8324272225500586,2.644188904319037,1.02066554078108,0.506163384778423,1.9365573696255673,0.6230760961771011,-0.07687294507455142
F1-A-14T,-0.06990670489837014,-0.2816670130276734,-0.21014108042367352,0.07152593260399986,0.5361410448555826,0.5518738078247817,0.5204082818863834,0.9762502616846416,-0.5253599136465005,-0.1619713302798813,-1.5873402987760543,-1.945559562986699,-0.35821926421064465,1.8904775029011627,2.2997102294991354,1.4812447763031902,0.31327092325339156,-0.8396504567444425,0.8409901559352875,0.16858084411406793
F1-A-18T,0.03861602856253382,0.1973207259792108,0.45575362025718225,0.25843289427797145,0.3019111046061167,0.323676484644901,0.28014572456733233,1.0470623798255625,0.6535722700118699,-0.06003538511773955,-0.8279230344262618,-0.41865137536902264,0.40927165905723917,1.5877121694764114,1.8878928422114114,1.287531496741411,0.47144861967486346,-0.5214566281867642,0.7428521662950516,-0.06884214301629836
F1-A-20T,-0.05811083382606003,-0.29541978967051197,-0.5052623302256671,-0.20984254055515517,0.284075264747684,0.3110972392131927,0.25705329028217533,1.051551596630279,-1.0399349268684275,0.027943148103591303,0.17075833936606144,-0.42035511247444424,-0.5911134518405057,2.17310048567668,2.770635415182542,1.5755655561708182,0.4989407537404218,0.0785782068024752,0.6197326183319092,-0.02235156806991878
F1-A-22,-0.026009818896077785,-0.08429877519918261,0.5761109215457878,0.6604096967449704,0.539194897385697,0.5807111534748673,0.4976786412965268,0.9492715345570938,-0.15634193796697224,0.031191738595047938,1.0755187223159917,2.1305428377326256,1.055024115416634,1.9743017866919064,2.5348718411324436,1.413731732251369,0.46672890006135576,0.5447590280096467,0.8016506135463715,-0.04653548787787372
F1-A-26T,0.026424677605252633,0.12614294515689628,0.01549499514528474,-0.11064795001161154,0.46573255083240855,0.4712201586799605,0.46024494298485663,0.9986239613772859,0.27084846213012104,0.049555604461816616,0.4280309198096921,-0.0676174245378034,-0.4956483443474957,1.7590912153123142,2.257398283424765,1.2607841471998635,0.5375383662732995,0.24332502833498504,0.6449933052062988,-0.13368840883088942
F1-A-28T,-0.004220256454637528,0.013714306403263599,0.5919534925451931,0.5782391861419296,0.5945050107176435,0.6400375347865135,0.5489724866487736,0.9528493218742667,0.023068445439524014,0.05033973495401469,4.4075449144969365,4.209470892216157,-0.19807402228078042,2.841197746872437,3.7939167206808486,1.8884787730640258,0.12855477089262324,1.5512981873045335,0.536945752799511,-0.03831726653248196
F1-A-30,-0.012159585386272515,-0.1641709334030551,0.527202219378415,0.6913731527814702,0.7889727571287894,0.6976078196502826,0.8803376946072963,0.8042771442533272,-0.20808187851821652,-0.05898560380917524,0.6308516105047275,1.3323564626796953,0.7015048521749678,2.07465059998787,2.1856635217564953,1.9636376782192455,0.38071750146325795,0.3040760745488498,0.6208590753376484,-0.09874781060408015
F1-A-30T,0.05215890019291422,0.3254614039899604,0.1343145120060234,-0.19114689198393697,0.460883518568007,0.49586430482637683,0.42590273230963727,0.9830624868983027,0.7061684587923401,0.012062890226200274,-0.0001632275072271927,-0.08654975668890996,-0.08638652918168271,0.9980659147562644,1.1440957920111279,0.8520360375014009,0.7148045355541581,-0.00016354381490630722,0.8530158400535583,-0.27819322960785686
F1-A-32T,-0.06451585960479198,-0.3262142708166065,0.06033491630985388,0.38654918712646036,0.2236677230302117,0.19354022295110376,0.2537952231093196,1.070322054066097,-1.4584771839097384,-0.06797927146530672,-0.3322533417779452,0.045718829878340195,0.3779721716562854,1.4994775860039993,2.2911320565089186,0.7078231154990802,0.614152374874349,-0.22157939863801274,0.7252755612134933,-0.19399166066589393
F1-A-34,0.015378073009461646,0.0793949871448465,0.3854967399727929,0.3061017528279464,0.4044491630566669,0.40920599620763676,0.399692329905697,1.0066411074451405,0.19630399663782358,-0.12469833469421862,-1.5439925756818775,-1.998232482591881,-0.4542399069100035,1.139692510153143,1.4708571615351733,0.8085278587711127,0.7504806285415933,-1.3547448648885196,0.6782228946685791,-0.08563520663487739
F1-A-34T,0.008708377139306195,0.044298507874213744,0.05076042603312114,0.006461918158907398,0.3573361898697458,0.37838811662276134,0.3362842631167303,1.0300715353240348,0.12396871386119943,-0.027262398208776253,-0.02545943927366201,0.3209788115007095,0.3464382507743715,2.173237460437094,2.6360920786343547,1.7103828422398335,0.2024666749458115,-0.011714982709961875,0.7669198289513588,-0.07416527808984448
F1-A-38,-0.03428610148740591,-0.15132390016541297,0.3408313046857724,0.49215520485118536,0.32267032775209364,0.3641956025749169,0.2811450529292704,1.0426801027371029,-0.46897370830352436,0.19642952292788457,2.151409590198144,2.7360071394726093,0.5845975492744655,1.1212654527795038,1.649441967292808,0.5930889382661998,0.6191066851120033,1.9187335031727024,0.5209546834230423,-0.2477426845514175
F1-A-38T,0.024658886549348613,0.10906159562919193,-0.41083988780250846,-0.5199014834317004,0.5034133492327959,0.6116407278245539,0.3951859706410379,0.9716275631608501,0.21664422645009765,-0.2230255291620948,-2.471190272802236,-3.414707480487242,-0.9435172076850062,1.8507846664262142,2.22883375622844,1.472735576623988,0.43663062595288316,-1.3352122035752534,0.6281784549355507,0.12054433331904257
F1-A-40T,0.0348361138328262,0.1484007651416679,-0.022108051834440423,-0.1705088169761083,0.30412243508915104,0.3349104582297138,0.2733344119485882,1.0516925678981854,0.4879638856573189,0.2941479438574001,1.3369463057013689,1.394615546243914,0.0576692405425453,1.5947940292364609,2.057313739084558,1.1322743193883635,0.672038652017601,0.8383191065378256,0.7528281658887863,-0.09790802369036994
F1-A-42T,-0.011703047722221527,-0.05428849476448683,0.09573472327191451,0.15002321803640134,0.40022354099729995,0.3122823527536531,0.4881647292409468,1.0140180792195042,-0.13564543112383556,-0.0042020492731765224,-0.024376588168132707,-0.06338099950126164,-0.03900441133312893,1.2193598336170997,1.5750132456158958,0.8637064216183037,0.7354727442702924,-0.01999129993959386,0.7273826897144318,-0.15637547877909708
F1-A-46,0.11228807462534257,0.5333170465037144,1.0186876417144441,0.48537059521072967,0.5727709225677884,0.6226884499373593,0.5228533951982174,0.9470411084118968,0.9311175296972157,0.12131302081801287,1.0066327139563707,1.2882282451022131,0.2815955311458426,1.0683971897466025,1.4530195522651197,0.6837748272280851,0.7930809689577523,0.9421895935491175,0.8001162856817245,-0.219106653420637
F1-A-46T,0.010460390748505466,0.13063574219591056,0.29873008976499715,0.1680943475690866,0.70891867622344,0.7534247430144236,0.6644126094324563,0.8662169422276351,0.1842746517722383,0.3208514111901357,2.4438142152028184,2.866781967287798,0.42296775208497983,1.3404064965782818,1.852189599375542,0.8286233937810215,0.6430619773021298,1.8231888769871356,0.8650500252842903,-0.1721023491933566
F1-A-48T,0.03323541420647752,0.12677571359936524,0.3484975928750199,0.22172187927565468,0.2760692540141591,0.3498304251394192,0.202308082888899,1.051335506491993,0.45921706874631946,-0.11041218675863229,-0.43072544709125626,0.38304726546919543,0.8137727125604519,1.8763360648757863,1.8307235803162083,1.9219485494353643,0.3463838159578585,-0.22955666373111597,0.6648838222026825,0.7352889037354202
F1-A-52T,0.025375343447253784,0.11209038785125247,0.4756172437456121,0.3635268558943596,0.3059202832778409,0.2317241699815263,0.3801163965741554,1.0464404000042387,0.36640390970562253,0.4779719533155613,3.1355534665624503,1.7958735731883633,-1.3396798933740872,1.0528812649206087,1.35256250628354,0.7532000235576777,0.7037444137827344,2.9780693901879647,0.875217542052269,-0.37963138699437915
F1-B-01,0.017823193361736267,0.030634389708873333,0.8180179756724618,0.7873835859635885,0.33148652053621686,0.37398306988751195,0.2889899711849218,1.0384052757604443,0.09241518979208793,-0.05046670578373483,0.8667287510645469,1.4825277883050028,0.6157990372404558,1.6682783078599455,2.1275986017841784,1.2089580139357126,0.5141049959393775,0.5195348683616104,0.78492296859622,-0.10067661605196693
F1-B-01T,0.012782180671682047,0.0532264334867516,0.3436631886081343,0.2904367551213827,0.5889612786406468,0.59273285150306,0.5851897057782338,0.9337284469857242,0.09037340045444238,-0.18873323022655494,-0.9071964114712139,0.642272434425549,1.549468845896763,1.8653692649006346,2.535578724038399,1.1951598057628703,0.42138189800972703,-0.4863360989919274,0.6644178554415703,-0.06694929255332546
F1-B-03,0.012113540873497558,0.07945051939387393,0.3716891258668902,0.29223860647301625,0.6847556337343921,0.69952405518734,0.6699872122814443,0.8944147848651904,0.1160275512602672,0.0018221727224420475,0.3005808507475467,0.6241361140952049,0.32355526334765816,1.2338407489526282,1.41935485119475,1.0483266467105066,0.5636428354018013,0.243613976117016,0.7137925773859024,-0.04504960494709119
F1-B-03T,0.00996500640985093,0.04007237320599022,0.17575161674565143,0.1356792435396612,0.29095399950743134,0.3139922586400872,0.2679157403747755,1.0494871362423406,0.13772752144266956,0.08075845091064673,0.29903087783375093,0.7926230729743788,0.4935921951406279,0.5201487018837261,0.530787196180631,0.5095102075868211,0.9815782470389244,0.5748949805138536,0.7431851327419281,0.04015938876956429
F1-B-05,0.09107888618436999,0.3132877275487098,1.0943742569354489,0.7810865293867391,0.6019471810945515,0.6123658139177581,0.5915285482713448,0.9213230188375466,0.5204571719715385,-0.02870905431297424,-0.05453507579519967,0.15098121811754006,0.20551629391273973,1.0711225020592519,1.4046291193195566,0.7376158847989472,0.7109056031909906,-0.0509139483955897,0.5875980481505394,-0.1988781403421216
F1-B-05T,0.060890162379067775,0.4768413283956958,0.5445455216439827,0.06770419324828691,0.9410443559638518,0.9578389082781229,0.9242498036495808,0.7024754300495664,0.5067150399167929,-0.024749015584551524,-0.08931167376843518,0.4894106453525833,0.5787223191210185,2.0109572643764326,2.5932856910853057,1.4286288376675598,0.2354150044557785,-0.044412517038809066,0.5299418866634369,-0.03281893925641078
F1-B-07,0.012311442180598903,0.13796556282819838,0.444093084942748,0.30612752211454963,0.6366501089415859,0.7190140933323763,0.5542861245507955,0.9039255858206093,0.21670547274006205,-0.05606083899137085,0.32308648927427486,0.8234094889762957,0.5003229997020209,1.696206206433957,2.4555347133235683,0.9368776995443456,0.37905017013229136,0.1904759504173259,0.7161288857460022,-0.11673897053158855
F1-B-07T,-0.018595122472915004,-0.1259782101955237,0.43143654779599805,0.5574147579915217,0.4250586893016227,0.42562038744712094,0.42449699115612455,0.9944632370457084,-0.29637839048181236,0.00023918259466879088,-0.06726196475942992,-0.18191605159161517,-0.11465408683218525,0.9084407035186887,1.4549138152880972,0.3619675917492801,0.7215783723579026,-0.07404111737717418,0.6340441927313805,-0.1419688387255004
F1-B-09,-0.003700722074786972,-0.014151422252594692,0.0715464173266731,0.0856978395792678,0.6032926838439379,0.630491856502562,0.5760935111853136,0.8964728069517114,-0.023456976408909078,-0.003620410075829028,-0.014500259802430637,0.028123863403908378,0.042624123206339015,1.5665036953356928,1.7359040484955277,1.3971033421758579,0.4698494064227425,-0.009256447875358068,0.837447427213192,0.12880558022551125
F1-B-11,0.0037758627289449787,0.020639706856094342,0.22950019340875716,0.20886048655266282,0.32785431815840704,0.3154984434957979,0.3402101928210161,1.046689992034709,0.06295389663320525,0.017697641489951815,1.2658538926699758,1.504319367144741,0.23846547447476518,1.911609102768006,2.6338353157690353,1.1893828897669765,0.38689411111306643,0.6621928567074837,0.6895070001482964,-0.08637413172382857
F1-B-13,-0.008281505064878222,-0.05883279697327426,0.10329726826322894,0.1621300652365032,0.7146358136471564,0.7842959409533792,0.6449756863409337,0.8934349349402095,-0.08232556478385829,-0.013487024311572088,0.3475650369664345,0.5694371017696436,0.2218720648032091,1.540029904141269,2.046019025649949,1.0340407826325893,0.426199837733541,0.22568719998995024,0.7285850197076797,-0.09366527435861371
F1-B-13T,0.029435478014364247,0.11995209277052621,0.19539172933584004,0.07543963656531383,0.41128342137145,0.3960668560278873,0.42649998671501277,1.0224580061143622,0.29165311932715043,-0.044279808553516986,0.30772083310102083,0.6029171098188755,0.29519627671785464,1.6123380190902918,2.1769554332021004,1.0477206049784835,0.4260874691251384,0.19085379706833563,0.9317995086312294,-0.19931928693684445
F1-B-15T,0.09698790444221855,0.38454623233216567,0.7395970918732634,0.3550508595410977,0.3922246391735395,0.427055773637827,0.357393504709252,1.0237676821005257,0.9804234459682261,0.4097299372604254,2.248806918310221,3.1937742835769143,0.9449673652666939,0.6788034371101346,0.7677090440012327,0.5898978302190365,0.8964627217467545,3.3128985437729246,0.9206274822354317,-0.09042673302756243
F1-B-17T,0.03435366828227954,0.1628557113524779,0.9153188034182038,0.7524630920657259,0.9549823642361308,1.03771295552971,0.8722517729425517,0.7326663803641065,0.17053268987091982,0.2044244344021699,0.9568108696431614,2.298697445939814,1.341886576296653,1.6779315275630706,2.1213191868781407,1.2345438682480003,0.5164276542989462,0.5702323687980149,0.7556068524718285,-0.027005105707354093
F1-B-21,0.01578181769498277,0.06364804709746097,-0.09095604546368385,-0.15460409256114482,0.6578573171269115,0.7222420096331106,0.5934726246207124,0.9569325038472527,0.09675053456186186,0.018717802538801037,0.219069392332794,0.2508036685943553,0.031734276261561334,1.755746272796526,1.9667269544584443,1.544765591134608,0.3830049761556633,0.12477280785216396,0.6117881461977959,-0.07251518229386883
F1-B-21T,-0.11029102467208318,-0.4582764277602128,-0.2565328903195164,0.2017435374406964,0.3869422811086777,0.453371859167229,0.3205127030501264,1.0260978086055086,-1.1843534556294717,-0.045511943870491706,-0.167794546589205,0.6075530107688945,0.7753475573580995,1.131542725331674,1.3256974198535256,0.9373880308098227,0.6364621604862433,-0.14828829953373754,0.6662428304553032,-0.03587318183597732
F1-B-25,-0.017638728165938367,-0.08468163750006852,0.050046074582589806,0.13472771208265832,0.5696732132435551,0.6149237885194826,0.5244226379676278,0.9622777961872251,-0.1486494985746577,0.014199267340988808,0.05880286203087659,0.07455869868236964,0.01575583665149305,1.351620904871491,1.7643528456714832,0.9388889640714985,0.5852060750749226,0.04350543988994269,0.6783179044723511,-0.0315284142860387
F1-B-27T,-0.0026240339270557633,-0.03057715705095132,0.09564471057967461,0.12622186763062593,0.5640787974553392,0.5404708722083532,0.587686722702325,0.9291295799346455,-0.05420724407456967,0.056957529954253086,0.7064521028782647,0.20745501503532227,-0.4989970878429424,1.3278011786304815,1.5949519919647328,1.06065036529623,0.5605758430238245,0.5320466002349179,0.780442550778389,-0.028473451832501037
F1-B-29,0.03781219124416513,0.1593066936199954,0.3281421422414479,0.1688354486214525,0.6011679306896043,0.5540940435896669,0.6482418177895417,0.9260423579781341,0.26499532907095275,0.220871736585054,3.4279338741080094,3.9438282520046233,0.5158943778966139,1.9961504922100417,2.5709560334701886,1.4213449509498948,0.31840454720344613,1.7172722635319775,0.8803364634513855,-0.10980043118071996
F1-B-31,0.03753098892364759,0.34071664977841465,0.28491811577056314,-0.05579853400785151,1.1141912247588341,1.1669269245854572,1.061455524932211,0.5823375225199479,0.305797283452993,-0.009329582994304197,-0.05729910476424749,0.1617573649850197,0.21905646974926718,1.4646227862293748,1.8217351250909926,1.107510447367757,0.4545707894466913,-0.03912209020847083,0.6101603806018829,-0.023288997247693302
F1-B-31T,0.013066759723165344,0.050952763327606676,0.15156383014105734,0.10061106681345067,0.4592625173062511,0.5528868863489902,0.365638148263512,1.0088053689911942,0.11094474599508787,0.05877879318394802,0.2475443489438952,0.18317589179052657,-0.06436845715336859,1.1038125617457983,1.3295800839968135,0.8780450394947832,0.8016202476979952,0.22426302936105127,0.8539852946996689,0.21724023789317465
F1-B-37,0.03986501232713063,0.1971766100102773,0.2378636319203472,0.0406870219100699,0.4354422050310387,0.4328311588231007,0.43805325123897676,1.0037128374451376,0.4528192438218578,-0.03955122190550159,-0.2695280087515197,-0.01822885235062266,0.25129915640089684,1.9481455549987354,2.439198426233128,1.4570926837643428,0.371727316494637,-0.13835106317386775,0.6523847877979279,-0.15824326631927726
F1-B-39,-0.01787340033625659,-0.10809059127440712,-0.22396190930518323,-0.1158713180307761,0.2701409824880272,0.28434565540770296,0.25593630956835145,1.0489294011978816,-0.4001265941912303,-0.04585326687436643,0.0011776438494874863,1.2689858443922235,1.267808200542736,2.0716429700454366,2.4622550742263485,1.6810308658645248,0.23213877199147737,0.0005684588833671747,0.9113487005233765,-0.022607203929960587
F1-B-39T,-0.01024675190362806,-0.04304650629672868,-0.3430716686814711,-0.3000251623847424,0.5680149128179977,0.5736007505127272,0.5624290751232681,0.9385619690741691,-0.07578411292613645,-0.013652347293897221,-0.4254739978849542,-0.504156710567615,-0.0786827126826608,0.763334964111176,1.053182224275493,0.47348770394685913,0.8734675735419957,-0.5573883260809026,0.8024296909570694,-0.121212925432062
F1-B-41,0.03613177623014213,0.19656228472146742,0.3675327980254992,0.1709705133040318,0.4413791124650264,0.4731487002172967,0.40960952471275613,0.991615851890323,0.44533662597602514,0.005855149519013281,0.13418265534899443,0.146043538480213,0.011860883131218691,1.0149204303943054,1.286100070339101,0.7437407904495097,0.7874820499444849,0.13221002487541147,0.7538918852806091,-0.21240519058897916
F1-B-41T,0.1288944665571223,0.49282543039303506,1.1910775916041203,0.6982521612110852,0.5239749822531683,0.5306391353619498,0.5173108291443866,0.9666289329696229,0.9405514520441689,0.29516535565395785,2.0484345388029555,5.003751019076347,2.9553164802733916,1.3015994458792326,1.5853594231351227,1.0178394686233423,0.5960167320960786,1.5737825836421084,0.659678116440773,-0.025247815269090458
F1-B-43,0.04714273772841904,0.20337373080683474,0.6746370428627917,0.47126331205595695,0.5564942269513182,0.6280995377795382,0.48488891612309826,0.9518241986146433,0.36545523916931083,0.037351217033171874,0.7138505122685335,0.7829915205982876,0.06914100832975412,1.5969662793815442,2.0813476331189786,1.1125849256441098,0.4664659149129397,0.44700412368443104,0.7333646416664124,-0.16569776753179388
F1-B-43T,0.007915883824508516,0.08224429845459191,0.0723928292867888,-0.009851469167803106,0.805739168730323,0.7633602844036951,0.848118053056951,0.8872651702487455,0.102073104605541,0.03082553757075361,0.7907211716021829,0.669024465911578,-0.12169670569060487,1.6063587168099014,1.8550362923924943,1.3576811412273084,0.6078257130246996,0.4922444553184803,0.7727209627628326,-0.1029048806737517
F1-B-45,0.020403632772421743,0.07355454227940728,0.1657904267668675,0.09223588448746023,0.48057678718021146,0.4959862405403109,0.465167333820112,0.986969626340285,0.15305471308963797,-0.1336221384774519,-0.5854395156103863,-0.36132098073784424,0.22411853487254207,1.290777300717776,1.6915146288698866,0.8900399725656657,0.5616747205640407,-0.45355578788442813,0.7063021212816238,0.22885561783300173
F1-B-47,-0.0007438904410734803,-0.0031707043666849843,-0.11725026096455055,-0.11407955659786556,0.2923440011404109,0.29874244218904367,0.2859455600917782,1.0567804700369736,-0.010845799312851696,-0.09015100826374711,-0.7612392330102495,-0.6726620331763382,0.08857719983391132,1.2633539805209058,1.9060662472467964,0.6206417137950149,0.6298192402420733,-0.6025541888872472,0.7838023602962494,-0.028171844889468667
F1-B-47T,0.0721882589909616,0.3685903585897743,0.35417044777960216,-0.014419910810172132,0.423167331238522,0.4051589392553337,0.4411757232217103,0.9954055056715416,0.871027443236196,0.042800849524885304,0.735314851459766,0.8701985311450349,0.13488367968526882,1.067818784243483,1.7070070011669383,0.4286305673200275,0.6565877563373985,0.6886138943329361,0.6036486327648163,-0.22503639226805702
F1-B-49,-0.035192015255154085,-0.20219877625613525,-0.24305661238493337,-0.04085783612879812,0.4441501667135468,0.3918806884728744,0.49641964495421914,1.001872981405884,-0.4552486780592445,-0.003999028375771742,0.5216618235670056,0.7548520621970631,0.2331902386300575,1.9984780615206876,2.149790017717746,1.8471661053236292,0.45508909384029195,0.26102954723959354,0.8089804202318192,-0.04284144944007161
F1-B-49T,-0.012638424146259764,-0.06448621238547997,0.5675054392886925,0.6319916516741724,0.4716784671942645,0.49952699580878857,0.4438299385797404,0.9616066928384526,-0.13671646443618723,-0.016970094884665166,-0.12066945575346844,-0.08342354972172794,0.037245906031740494,1.3428099073048883,1.7667106028142523,0.9189092117955241,0.5552580655949835,-0.08986339398974225,0.5231228843331337,0.0401315691412204
F1-B-51,0.028520402565765074,0.15574109845066175,0.4082066592410749,0.25246556079041316,0.5732451442071356,0.5919263202104152,0.5545639682038558,0.9527255844916347,0.27168324062486343,0.06665496193390241,0.3923123012426868,0.36579864390035843,-0.026513657342328356,1.6237018298307893,1.9228498473460225,1.324553812315556,0.4715202053243448,0.2416159753195393,0.8366219326853752,-0.08728431708860279
F1-B-51T,0.010101809861496919,0.062174643822416,0.181521959879402,0.11934731605698601,0.485732147459583,0.5338109052350288,0.43765338968413714,0.984298953993445,0.1280019124688251,-0.0318654851811743,0.23495471095043396,0.6884042585583479,0.4534495476079139,0.7671972991447658,1.1427282955609428,0.3916663027285886,0.8110241233924388,0.3062507013676274,0.8015549331903458,-0.18428483376166208
F1-B-53T,0.0071957167915232545,0.028062094195638432,0.20421439905486172,0.17615230485922329,0.6647240836504904,0.6677882167572342,0.6616599505437465,0.9256097699803615,0.04221615386872816,0.003311836679437033,0.3233112350647356,0.45337084623910684,0.13005961117437126,2.2979718019647444,2.6117604041314992,1.9841831997979895,0.3495733931230789,0.14069416987114788,0.8086545616388321,-0.00974056300989731
F1-B-55T,0.011428591755409834,0.046374396190318745,0.10487003387569144,0.05849563768537269,0.242753746272567,0.35795639720021094,0.12755109534492304,1.0595795719505499,0.19103472923647072,0.23443124187424852,1.0499300196703052,1.3922993628816815,0.3423693432113766,0.8511303540618562,0.8578506279258105,0.844410080197902,0.8258675452342683,1.2335713497465055,0.6826309487223625,-0.07411782817230733
F2-A-02,-0.03496967334152179,-0.350844912033238,-0.1519130991538855,0.19893181287935247,1.071075439453125,1.063720703125,1.07843017578125,0.340081955970408,-0.32756321273912703,-0.0011258047093283055,0.7717268130546029,1.0090044396216693,0.2372776265670664,2.06719970703125,2.55755615234375,1.57684326171875,0.11422645725943273,0.37331991216412097,0.5238242819905281,-0.04378156945233881
F2-A-08,-0.03029983296074147,-0.24453947230937945,-0.13270934267957002,0.11183012962980943,0.898162841796875,0.94244384765625,0.8538818359375,0.41139252582919383,-0.2722662984143843,-0.008265441721641599,-1.2006679044676387,0.3221790456600777,1.5228469501277164,3.1418113708496094,2.514251708984375,3.7693710327148438,0.029628311769898337,-0.3821578582367132,0.8469318151473999,0.004080295851290126
F2-A-18,-0.044722977331155295,0.0718059965852631,0.6633932689159083,0.5915872723306452,1.21875,1.4705810546875,0.9669189453125,0.29331231058616514,0.058917740787908186,-0.018306607751718777,-0.6809872689462684,0.7383538298846402,1.4193410988309085,2.4623565673828125,2.489501953125,2.435211181640625,0.04450055241988935,-0.27655916205104103,0.582831397652626,-0.0016326888293166052
F2-A-26,0.0017991260808456894,0.09817438619739605,-0.21796911018590492,-0.31614349638330097,1.215576171875,1.134521484375,1.296630859375,0.2849270322386565,0.08076366456407597,-0.0022782421799712356,-0.1502966718673946,-0.21601602994018076,-0.06571935807278617,2.1531295776367188,2.109649658203125,2.1966094970703125,0.08306791277491865,-0.06980382111157502,0.5644462555646896,0.000651457942726974
F2-A-38,-0.01378387498724118,-0.09506198703137647,-0.1655387919095721,-0.07047680487819563,0.858306884765625,0.80450439453125,0.912109375,0.4269551037493491,-0.11075524234823624,-0.00906460292445462,-1.3518541776445199,-0.38116990029674724,0.9706842773477726,2.7577285766601562,2.38092041015625,3.1345367431640625,0.04432378327068117,-0.49020566747788147,0.7746565341949463,0.011842719188085046
F2-B-15,-0.015944000534136762,-0.04630357099297955,0.3992773514537027,0.44558092244668224,1.7323951721191406,1.9874954223632812,1.477294921875,0.16984736828209923,-0.026728065130970678,0.010045879805120676,1.2545731907015814,0.07794879084374795,-1.1766243998578334,3.133932113647461,3.715343475341797,2.552520751953125,0.0366822441712572,0.4003191981211848,0.5109671466052532,-0.013563059095839873
F2-B-23,-0.022734911004635913,-0.4231332026216552,0.30776861473100325,0.7309018173526585,1.1605758666992188,0.9837493896484375,1.33740234375,0.3116576563928095,-0.3645890068566425,-0.005693648500122629,-1.730203421793231,-0.9081957543294807,0.8220076674637502,2.9041213989257812,2.8757247924804688,2.9325180053710938,0.02128538566497199,-0.5957751705673268,0.6870577968657017,0.0006933589900171245
F2-B-29,-0.04577451442968962,-0.5380381672349523,0.11963192597088756,0.6576700932058399,1.4763107299804688,1.5095672607421875,1.44305419921875,0.21507373023275578,-0.36444777939266926,-0.0009416205927031658,0.42754803687774334,0.770116526725106,0.34256848984736266,2.9118728637695312,3.3244857788085938,2.4992599487304688,0.028599686300987096,0.14682922534065104,0.7148991897702217,-0.005814193431050055
F2-B-31,-0.034106857603952156,-0.08572077169699721,0.45249657014376465,0.5382173418407619,1.2086715698242188,1.3777618408203125,1.039581298828125,0.29592426814786055,-0.07092147597172645,-0.05882888029322003,-0.35267027846764165,0.028066815606800688,0.3807370940744421,2.0021209716796875,2.96844482421875,1.035797119140625,0.19783737086613115,-0.1761483364173382,0.5420574024319649,-0.15876882272046572
F3-A-08T,0.04977993610443615,0.20883974231197677,0.07031810721769471,-0.13852163509428206,0.19550497461462615,0.12262409311211804,0.2683858561171343,1.0724062546637436,1.0682067948584721,-0.09331198497299062,-1.0612357320160115,-1.1924080254001046,-0.13117229338409309,0.7488733794175058,0.9016871876167182,0.5960595712182934,0.8945333965878997,-1.4171097026328667,0.8291280716657639,-0.03033453851377388
F3-A-10,-0.010654164506352815,-0.041565494266857905,0.0617593007734617,0.1033247950403196,0.27543063617862196,0.2593240165166839,0.29153725584055995,1.0583912220047662,-0.15091093294321078,-0.0478108775233653,-0.17554675866309033,0.4608927203399471,0.6364394790030374,2.325584433547582,3.2716457812417534,1.3795230858534102,0.2501506507041392,-0.07548500760959304,0.8259072601795197,-0.059655785948637644
F3-A-12T,0.014029486339051767,0.07813055155120807,-0.08818295162493084,-0.1663135031761389,0.24497653657975643,0.22547572622028902,0.26447734693922387,1.0622957623519365,0.3189307541123282,-0.10281006847072383,-1.3540633301476008,-1.4915848798819842,-0.13752154973438335,1.0999490736779922,1.441877161365166,0.7580209859908182,0.7254799284410803,-1.2310236560497345,0.8002470284700394,0.0036109668113450955
F3-A-14T,0.022393082404273068,0.12034295316423571,0.15609301527147612,0.03575006210724041,0.42380800475238706,0.41079493685279456,0.43682107265197956,0.9958020103738086,0.28395630052940357,0.04788011267512335,0.7885712294919944,0.7556257140644855,-0.0329455154275089,1.5385499414234562,1.9864303351143846,1.090669547732528,0.49591463480465464,0.512541847528468,0.7546429336071014,-0.1076117652703023
F3-A-16,0.08186076842523518,0.6102162421337691,0.6292638261097643,0.019047583975995153,0.6833007831843607,0.7116392756920538,0.6549622906766676,0.9152535294914736,0.8930419182164574,0.34839900141304336,3.5252128973246446,3.9544754083049938,0.42926251098034895,1.511313373891931,2.164426403204918,0.8582003445789439,0.6103773791535914,2.3325492635895384,0.5888730026781559,-0.09392785576535928
F3-A-18,0.05700015056986263,0.2763331300115104,0.19747234615303744,-0.07886078385847295,0.33649953526812026,0.3422714081717693,0.33072766236447126,1.0374086736428447,0.8211991430874644,-0.13528639068848902,-1.4528551544022767,-0.2340467237247572,1.2188084306775195,1.2721312518812709,1.3997757024408108,1.1444868013217309,0.6860393485191787,-1.1420638807935464,0.6632914245128632,-0.0333758705040604
F3-A-18T,0.01565353512121176,0.10592916313611234,-0.159626716035004,-0.26555587917111634,0.6525133735768651,0.7743466660722123,0.5306800810815179,0.9453474180506947,0.16234021772679275,-0.0240243518234042,-1.4290950947847785,-1.1802981254536515,0.24879696933112694,1.5983607255307224,2.1356931025314347,1.06102834853001,0.5051908150118091,-0.8941004817984747,0.8194355890154839,-0.05148246903018051
F3-A-20,-0.009526637519055248,-0.03891450637726185,-0.021143001253654536,0.017771505123607312,0.3679125915672855,0.4122596990007207,0.32356548413385033,1.0312911223389878,-0.10577106429407157,0.029181631102633915,0.17238761776652933,0.12334195868063569,-0.049045659085893645,0.9882230555736693,1.3090937139053898,0.667352397241949,0.7252005818773142,0.17444201164326945,0.7714145258069038,-0.06258517120074614
F3-A-22T,0.031633629186171575,0.23647541299212604,0.27420402685704137,0.03772861386491533,0.5389960837920718,0.5932910083828049,0.4847011592013386,0.9482029935549167,0.438733081933395,-0.021507676185890244,0.2286283920225407,0.5716201516515467,0.34299175962900597,1.878974343392388,2.4977178671789875,1.2602308196057885,0.3889636421525995,0.12167722929615118,0.5591556169092655,-0.06075267852964195
F3-A-26T,-0.021251587537191696,-0.09322076019092429,0.034609655738123246,0.12783041592904754,0.4256409540713134,0.43450841148478,0.4167734966578469,0.9950017382726148,-0.21901266619025986,0.13976306223028973,1.4075402139489313,-0.5172359628476635,-1.9247761767965947,0.9159528375478092,1.0940312731995834,0.737874401896035,0.7649770133358181,1.5366950745162826,0.6424529179930687,-0.08012916269986473
F3-A-28T,-0.007387513838394533,-0.04165915317206126,0.06053457602353818,0.10219372919559944,0.3410556595222151,0.1975310841922378,0.4845802348521924,1.0305708188860185,-0.12214766712982147,-0.22020996417786065,-0.899000879120031,-1.1367058255705365,-0.23770494645050544,0.5891813946172728,0.7678399667085359,0.4105228225260096,0.9265182028752532,-1.5258473660798713,0.7419292330741882,0.27708589944880396
F3-A-32T,0.18923145261649044,0.7767587876263828,1.0103240200649557,0.23356523243857297,0.2968957384641324,0.15464523302661737,0.43914624390164747,1.03289066497765,2.6162678913635604,0.10226980114738748,1.4424414538465062,2.8339012404152095,1.391459786568703,1.2997295715627772,1.8974880366377982,0.7019711064877565,0.6405084073529848,1.1098012120414666,0.8643527626991272,-0.08576570967300357
F3-A-34T,0.12294760704239044,0.43506155701703775,0.7856895961328814,0.3506280391158436,0.37025618086757395,0.22746541513782087,0.513046946597327,1.0060869521999993,1.1750284789240077,0.2582073879781987,0.6210427077003233,2.4886140553873983,1.867571347687075,0.869345288755812,0.8497480239273811,0.8889425535842428,0.8029756209027834,0.7143797933145138,0.7511706426739693,0.10308128038891212
F3-A-36T,-0.014893497554302026,-0.08779697743024828,0.0563221844502233,0.14411916188047158,0.4236460654944346,0.43265873061024307,0.4146334003786261,1.0153625585896924,-0.2072413379498308,-0.0843961042804132,-1.9508589266919014,-1.8835214612297424,0.0673374654621588,1.3368725223546862,1.8193004127963643,0.8544446319130083,0.6359382933197875,-1.459270718838455,0.6278806552290916,-0.05250028071730618
F3-A-38T,0.12578222494090197,0.5315311169688703,0.2096674740297434,-0.32186364293912684,0.4461109373165044,0.5599274674672958,0.332294407165713,1.0093657822329787,1.1914774386976361,0.2103255720441461,1.167793640518665,0.6459998014200339,-0.5217938390986313,1.1841116835158236,1.5442555043967925,0.8239678626348548,0.625017468792955,0.986219168998732,0.7724430114030838,0.2233004755062622
F3-A-40,-0.003449371274021895,-0.01908651974089881,0.054051283287531726,0.07313780302843054,0.31568606319394604,0.29735470174914236,0.3340174246387497,1.0347595792279773,-0.060460444619542,0.08169550937859943,0.5243404377328343,0.8475523273141307,0.3232118895812963,1.4433421717073283,1.5419514541210655,1.3447328892935912,0.5229075239505973,0.36328214335523257,0.7272778004407883,-0.07542780103462704
F3-A-40T,0.01601882344322826,0.16858307292991292,0.19455171801105986,0.025968645081146935,0.6672414168052019,0.72693932937323,0.6075435042371737,0.9149543957916002,0.2526567876093489,0.038816498845065,0.8941430629713141,-0.07336317857489227,-0.9675062415462063,1.797066363196176,2.4242791465997353,1.1698535797926168,0.5174337982951678,0.4975570637141269,0.5289926528930664,-0.06099449250133297
F3-A-46,-0.006614489746226915,-0.03427331197744754,0.028890476115339347,0.06316378809278689,0.2433507581953271,0.2781214034259497,0.20858011296470444,1.0652441484009374,-0.14083914195137967,-0.0707465749995578,-0.4206453714493317,-0.31624322457263876,0.10440214687669291,0.9344323197184639,0.8422098897863792,1.0266547496505485,0.7373234878066199,-0.4501614109153121,0.7240592166781425,-0.03391601810596159
F3-A-48,0.012002639595762088,0.048231463439828315,0.04388926230734502,-0.004342201132483292,0.3551989961060812,0.32650244813914164,0.38389554407302073,1.0384191203471989,0.13578716147447628,0.22793829577384245,1.055789325744127,1.0689521800956723,0.013162854351545294,1.3979290486315845,1.7802590969315555,1.0155990003316135,0.567061680716687,0.755252440585326,0.7360592186450958,-0.22494097956188264
F3-A-48T,0.041543104027040534,0.19240023067315082,-0.0071615229609974795,-0.1995617536341483,0.18807480382551414,0.25075114485587635,0.12539846279515193,1.076568743130191,1.022998438704472,-0.13937710879056148,-0.3993830134164116,-1.0326577747137748,-0.6332747612973634,1.1855253698959158,1.630279267942883,0.7407714718489489,0.7427160607967138,-0.33688272183620643,0.6969664692878723,0.2742785533299661
F3-A-52,0.07391675365971748,0.32364016669668016,1.2027488604143821,0.879108693717702,0.5154714254950086,0.5672660533375473,0.46367679765246994,0.9678558353298244,0.6278527784268306,0.15234862328844911,2.0659419911106327,3.112388939726084,1.0464469486154515,1.3685387590253348,2.035808700764491,0.7012688172861784,0.5381945845516865,1.5095969898448358,0.5738641768693924,-0.41935826190208125
F3-A-52T,0.08396183858121206,0.39796944861509376,0.4236454905827567,0.025676041967662933,0.3844990200497452,0.3129901898136157,0.45600785028587465,1.0233915525405557,1.0350337136453711,0.23932623670633602,0.992381565575319,1.29560256834912,0.3032210027738007,1.173124061433857,1.4010261256367147,0.9452219972309993,0.6895864390615025,0.8459306208095122,0.8747882470488548,0.07324905927505765
F3-A-54T,0.0342152105328139,0.14072331156959655,0.35621522854901366,0.2154919169794171,0.210797776903613,0.19802350808309926,0.22357204572412673,1.0734560163822275,0.6675749319403026,0.10739967855793695,0.6609365201202364,0.42776577617953215,-0.23317074394070425,1.0869023831138889,1.6788900031937406,0.4949147630340369,0.6831541281356217,0.6080918860686512,0.6913366690278053,-0.19756600809863611
F3-B-01,-0.007504408316605982,-0.033343261569908855,-0.07658003223089993,-0.043236770660991075,0.2721108969413143,0.2899714322517346,0.25425036163089404,1.0489547360306828,-0.12253556158429017,0.006148347603446597,0.028978028961318625,0.18044797804557544,0.15146994908425682,0.6230487917993179,0.7765321178803022,0.4695654657183338,0.8970561921733959,0.0465100475961638,0.5754283964633942,0.007579380618629422
F3-B-03,0.07782267803713233,0.32042447078448744,1.0579065059916002,0.7374820352071129,0.31262759078551344,0.3605970873153831,0.2646580942556438,1.045683407278856,1.0249398332993689,-0.06157346725887577,-0.9582847930398941,-0.5244523235249332,0.4338324695149609,1.1537446243432388,1.3150959892710503,0.9923932594154272,0.6566027796530803,-0.8305865724708283,0.5398846194148064,-0.058005462250772265
F3-B-03T,0.017438468296034626,0.08493785603601234,0.27444082174206796,0.18950296570605563,0.3300490477589027,0.34989032532315056,0.31020777019465484,1.0438001843888753,0.25734919283287416,0.0291201713456887,1.7084023879680965,2.461091557747627,0.7526891697795302,1.4933936806146357,2.0383970257961,0.9483903354331712,0.414525305710318,1.1439732269825662,0.5640572309494019,-0.13998170707892155
F3-B-05T,0.02480027469559476,0.1059494656547329,0.17029141015488897,0.06434194450015607,0.5060429079190369,0.506215232991369,0.5058705828467049,0.9439198277662926,0.20936854167252555,-0.10444166269902128,-0.47571338166511046,-0.2006164023712531,0.27509697929385724,1.0511563445828067,1.3095567077557007,0.7927559814099129,0.7629427883125921,-0.45256196579769137,0.642564482986927,-0.2634522509829337
F3-B-07,0.032045310999826715,0.05222621047546938,0.6001869610133687,0.5479607505378993,0.2834202061869826,0.26900013514043164,0.2978402772335335,1.0550714822585625,0.18427130224093427,0.03735696291103337,0.9973826193211612,1.3564680455932563,0.35908542627209505,1.2107971716367887,1.5910022783378654,0.8305920649357121,0.7200192990341296,0.8237404601572302,0.6386716291308403,-0.07040250048428355
F3-B-09,0.007454712619199666,0.04178529434603839,0.010380755963630195,-0.0314045383824082,0.5309156720045141,0.5597663534214479,0.5020649905875801,0.9562715765622112,0.0787042020972459,0.02284077027640527,0.5058879509599672,0.9311150551302172,0.42522710417025,0.8632052409175244,1.0031727733600566,0.7232377084749921,0.7744537150256535,0.5860575526884488,0.5606606304645538,-0.1572818404771335
F3-B-09T,-0.019890714510677643,-0.0915763027585279,-0.1259391130340377,-0.0343628102755098,0.29126407205516636,0.2655265037835553,0.31700164032677747,1.043183719456363,-0.31440988279935556,0.15235839981705854,1.2516507227076346,1.4701974786874688,0.2185467559798342,0.869916266706154,1.1180217285223768,0.6218108048899311,0.7501766092480305,1.4388174708433465,0.6855053827166557,-0.11542571737768412
F3-B-11,-0.024654414013241033,-0.12143782485551424,0.18313646608410183,0.3045742909396161,0.4482050657156172,0.5528534375284339,0.3435566939028005,1.0070821157841017,-0.2709425531851656,0.05467288627433185,0.5952642252458489,0.5857283592654037,-0.009535865980445202,1.0097178902621038,1.4610084760278703,0.558427304496337,0.6972857999836176,0.589535186993002,0.7766557335853577,-0.10066224678017745
F3-B-11T,0.048298329895611614,0.14049560020018437,0.7337298092597525,0.5932342090595681,0.504178387309602,0.523491341303932,0.4848654333152719,0.9875064443704054,0.27866248085305156,-0.055253061281021004,0.9892475448887765,1.468944313222928,0.47969676833415154,1.7588747713664081,2.7391060654682047,0.7786434772646114,0.41846090540528025,0.5624320508732209,0.744148850440979,-0.13673921920013363
F3-B-13,0.04730853421999981,0.19436883193468868,0.10090519712707041,-0.09346363480761832,0.48146527227756364,0.6027343782377371,0.3601961663173901,0.9671528501973067,0.4037027032401113,-0.1392935586875157,-0.5999084279066711,-0.2843743518345172,0.3155340760721539,1.1243881357617493,1.4939116510267079,0.7548646204967908,0.7049210729585708,-0.5335421184431528,0.7540030404925346,0.15872455212480052
F3-B-13T,0.02381561749841804,0.07850756659606362,0.39740750983484896,0.31889994323878534,0.4009194814548954,0.3918728441830459,0.40996611872674493,1.01789765520497,0.1958187871319392,0.4017274324009098,2.4423100357983465,3.181663480103316,0.7393534443049694,0.9849312169495734,1.2137156013502461,0.7561468325489008,0.6892859027325332,2.4796757314306834,0.6541534662246704,-0.21956485359454658
F3-B-17,-0.007011699589641207,-0.010246075457528647,0.4162803567168556,0.42652643217438424,0.4162464415393198,0.4914365887832676,0.341056294295372,1.0048468699846338,-0.024615406727893373,0.034864535239937045,1.297470153463188,3.3014871278954407,2.0040169744322527,1.1864815131353845,1.6168265603778535,0.7561364658929157,0.7311626946676931,1.093544348646871,0.853770025074482,0.14196315948755922
F3-B-17T,0.00046229151974341853,-0.03236059115469203,0.14422854824107867,0.1765891393957707,0.24421544736477363,0.2196892820767419,0.2687416126528054,1.0673166727872136,-0.13250837121026365,-0.006808266393770662,-0.11366962577526118,0.08821767267295133,0.20188729844821252,1.3249939619233082,1.5224129055458153,1.1275750183008013,0.5853308621436102,-0.08578878775437052,0.8268487602472305,0.08195232497537108
F3-B-23,0.046485535903540876,0.15201084506659412,0.9337010243125796,0.7816901792459855,0.1517603657117892,0.08445107334126002,0.21906965808231837,1.08399747279439,1.0016504925619423,0.3477675290719925,1.7170719268946342,1.2651413775687321,-0.45193054932590226,0.5836147649418796,0.7221461203971198,0.44508340948663944,0.9326811837982046,2.942132430569388,0.6861385107040405,-0.26519905379533826
F3-B-23T,0.029717172426107913,0.20503569653190823,0.5383453274826191,0.33330963095071087,0.4502320578822254,0.5233823473058884,0.3770817684585625,0.9963670745195128,0.4554000385853083,-0.01662334016741994,0.44921895812903134,1.1976187968048495,0.7483998386758182,1.624995812971111,1.8544561124138432,1.3955355135283787,0.5014178795405194,0.27644314806429443,0.7212880253791809,-0.027956634248776202
F3-B-25,-0.035143268591751986,-0.1615185622818981,-0.07688850612580878,0.08463005615608932,0.5159762505097999,0.5373866567381569,0.49456584428144285,0.9736355332360316,-0.31303487732684004,0.2291999496167314,1.3990691567457914,1.566988568843711,0.16791941209791972,1.2053282245077135,1.3027354836257696,1.1079209653896571,0.551563938557245,1.1607370741834295,0.7573614194989204,-0.013745779693431326
F3-B-25T,0.08823151663263112,0.36667302487035724,0.33109641434559334,-0.03557661052476391,0.4335588747707682,0.475348552964613,0.39176919657692344,0.9920590448412523,0.8457283340451168,-0.02540929548860904,0.1464250043221238,-0.20885000752354,-0.3552750118456638,1.3200697146899087,1.3758134579204264,1.264325971459391,0.5410735176343099,0.11092217531596034,0.7503842487931252,0.24853869052318062
F3-B-27,0.07323575115977954,0.3252044828192952,0.12653334565679403,-0.19867113716250118,0.14935356079587328,0.13237717287903172,0.16632994871271484,1.0837783489161472,2.1774136558000348,0.08749958955675642,0.7042190947398519,0.9635034329683008,0.2592843382284489,0.986792318068807,0.9583946856999557,1.0151899504376583,0.7699400623082389,0.7136446867746574,0.5417150743305683,0.010286072187468631
F3-B-29,0.000506072135556368,-0.015889203661010765,0.1309640067526504,0.14685321041366117,0.43466891169427735,0.5103532608933835,0.35898456249517113,0.9995307573508677,-0.0365547275950261,0.396113130793571,2.0876471081802004,2.3351647021425004,0.24751759396229955,0.8850661557061135,1.1774778358554063,0.5926544755568205,0.7679964465464753,2.358746964530191,0.6693264022469521,-0.05036911454851878
F3-B-29T,0.12877026911411416,0.5456768593894757,0.7761463762425764,0.2304695168531007,0.24654835816846582,0.28930638862370395,0.2037903277132277,1.0661461419768334,2.2132650302080545,-0.003444489269923634,-0.029976187328349058,-0.1623913462321196,-0.13241515890377054,0.7207303715770628,0.6619576626389253,0.7795030805152003,0.8609563826682505,-0.041591402985775114,0.7859025523066521,-0.23178569666983712
F3-B-33,0.20227111144285298,0.9906781831895874,1.909607617017407,0.9189294338278196,0.40307075794504055,0.4688664227294094,0.3372750931606716,1.0088243836675406,2.457826978668267,0.5202453967165934,3.6299858594201284,4.207953223666302,0.5779673642461738,1.1199330379127845,1.6205241968360382,0.6193418789895311,0.6766215428001172,3.241252589695292,0.8760055154561996,-0.23244384340849766
F3-B-33T,0.11322466653475188,0.4780359569328261,0.8098849743251212,0.3318490173922951,0.35104556687374133,0.41896785051944474,0.283123283228038,1.0355578041659514,1.3617490207610532,0.2193812932683259,1.964310186969857,2.9209346410543726,0.9566244540845155,0.9275186691901144,1.3863667055226174,0.4686706328576114,0.7483783189217087,2.117812020630315,0.692411944270134,0.10466609558132312
F3-B-35,0.08046403917155154,0.29411774997244233,0.6090110806913608,0.31489333071891845,0.1616445244898051,0.15686212296211074,0.16642692601749948,1.0843781768118215,1.8195342582791434,0.054883333674446394,0.12281678551096387,0.6778717368683789,0.555054951357415,1.3256660067627068,1.4286061322729235,1.2227258812524902,0.5800176250336948,0.09264534572390824,0.790906049311161,0.1019424097397845
F3-B-35T,0.1950408246838974,0.7681245962450381,1.5513916144710067,0.7832670182259684,0.4369448963215416,0.42135355939145114,0.45253623325163206,0.9968500246120113,1.7579438567919239,-0.011203811887823337,-0.025247563867522027,2.217434658606459,2.2426822224739813,1.4088395418125077,1.4678266035253462,1.3498524800996692,0.6329837533461773,-0.017920822860380818,0.9347048476338387,-0.0014062586030150065
F3-B-37,0.04663636487393019,0.19627099049365326,0.267516892446503,0.07124590195284974,0.3393319256235591,0.35314790450791456,0.3255159467392037,1.0269302089354055,0.5784041396428705,0.02117710058887229,0.06947231510322671,0.3670067247079384,0.29753440960471167,1.1088461620511083,1.6248586885453813,0.5928336355568352,0.7158758382366808,0.06265279845016467,0.8105326220393181,0.0395913540705663
F3-B-37T,0.01008639821037649,0.03463975157937205,0.5753780993611308,0.5407383477817588,0.34496327216669703,0.448027413527019,0.24189913080637504,1.032339583848744,0.10041576705195746,0.14283514290343519,0.7111410004914995,0.9670888948825194,0.25594789439101984,1.3800191540106852,1.6888587507610824,1.071179557260288,0.5120190768137323,0.5153124131826313,0.899301566183567,0.047246460960930256
F3-B-41,-0.06499678377628298,-0.26654387895614046,-0.17415375690828305,0.0923901220478574,0.2658705704023665,0.3727745965610006,0.1589665442437324,1.0448243804097235,-1.0025324674060576,0.1757044559325459,0.7141087719951085,0.28720127413675156,-0.42690749785835685,1.4309990770163925,1.9807214963636997,0.8812766576690854,0.639569757622532,0.49902811501738525,0.5922935754060745,-0.0888837935608362
F3-B-41T,-0.11833456066526848,-0.4668954552623269,-0.5467080576879204,-0.07981260242559352,0.3041185108393718,0.4218555208128624,0.1863815008658813,1.0350311266548573,-1.5352418173220965,-0.06408708664468493,-0.3071112728985219,0.08977189800012086,0.3968831708986428,1.1298106493550846,1.412800698571201,0.8468206001389682,0.6252099484374773,-0.27182543647807383,0.5622311681509018,0.28718550363615253
F3-B-43,-0.008607739870076125,-0.0536289512501571,-0.10446216851213896,-0.05083321726198187,0.6345962054278604,0.6528338142253578,0.6163585966303631,0.8950356069970931,-0.08450878021560046,0.0003703182508281305,0.1392387732788365,0.4183292871383304,0.2790905138594939,1.03658524015962,1.0793089023609923,0.9938615779582478,0.6837003263913469,0.13432447992158908,0.5145449303090572,-0.04887380848527846
F3-B-45,0.01498254414033695,0.059718150861527985,-0.008409598853975075,-0.06812774971550306,0.4793399691556456,0.5960511133254169,0.36262882498587423,0.9816675707706907,0.12458412547303564,-0.06987712721478362,-0.5299451260341215,-0.4258834779947769,0.10406164803934459,1.5257851906372375,2.3067778854996406,0.7447924957748343,0.5739298038568303,-0.3473261696902381,0.7997946366667747,0.5481663711961698
F3-B-45T,-0.012405307930643483,-0.05317007300689053,-0.08936606336178854,-0.03619599035489801,0.2479367115489352,0.2756129777921008,0.22026044530576958,1.0692189386320845,-0.21445018236597999,0.06662107552727414,0.3211226894876199,-0.12568815857410576,-0.44681084806172566,0.7378576816791034,0.9516508842564672,0.5240644791017397,0.877054066523002,0.43520952273188795,0.6116313338279724,0.11445828633448729
F3-B-47,0.009307589789323584,-0.01849373316760039,0.8020214444245504,0.8205151775921508,0.3098182053540709,0.3455180548582308,0.274118355849911,1.0396757247093935,-0.05969220932793512,0.033087869019454735,0.17354215797471184,0.769900685451403,0.5963585274766912,0.8001553114393118,0.6763516374140236,0.9239589854646001,0.8636651147640588,0.21688559145167186,0.5440355315804482,-0.0060665804893932085
F3-B-47T,0.07334881298784923,0.29229295640248376,0.342659315557894,0.05036635915541021,0.28234736823034123,0.3702924245950845,0.19440231186559803,1.0493823490477532,1.035224653356885,0.11946886917724742,0.4781933006355894,0.5469539308029523,0.068760630167363,1.0728250261510532,1.311068090726149,0.8345819615759577,0.7494053586488025,0.4457327979672428,0.7658296227455139,0.21952188247143134
F3-B-49,0.06786661948386585,0.23745431708143216,0.4280640366653494,0.19060971958391726,0.3770558397928906,0.40997608026986815,0.3441355993159131,1.0227575647129852,0.6297590224616629,0.04165269177495129,0.16115220528915075,0.537234969419584,0.3760827641304333,1.2552235372288705,1.3773150845859745,1.1331319898717664,0.7812421257068358,0.12838526406613035,0.7126564458012581,0.1798410056562929
F3-B-49T,0.1669425165961056,0.6752855963975672,1.0271526006183542,0.3518670042207871,0.2960686310716396,0.3135293617998892,0.27860790034338995,1.049500216540602,2.280841418266188,0.36136603149887697,4.961719075163106,7.924792466842631,2.963073391679525,2.2499028710523703,3.060695645550032,1.4391100965547083,0.24822945663309448,2.2053036773282173,0.7956051975488663,-0.04081791299271193
F3-B-53,-0.004600269421597136,-0.021905182542750534,-0.08308491942925755,-0.06117973688650702,0.42112058189322593,0.39853030415911395,0.4437108596273379,1.0049698630596886,-0.052016414026290786,0.022088426867767047,0.3468652830694161,0.13921856850065195,-0.20764671456876416,1.2030513662990343,1.5245407303941367,0.8815620022039319,0.6351974168306875,0.288321257750185,0.8021112680435181,-0.08909477663452178
F3-B-53T,-0.021878341758382824,-0.09895982667076686,0.1569408450336358,0.25590067170440267,0.35133085206101466,0.34222566039986524,0.3604360437221641,1.0365493250046165,-0.28167132516327026,-0.12756001287192892,-0.821159505459728,-0.7319760806760169,0.08918342478371111,1.3683186155711664,1.8503814930890952,0.8862557380532375,0.5782856557849287,-0.6001230240640686,0.8977400287985802,0.013639320588165055
F4-A-02,0.13496358602899983,0.6163646413151788,0.5219341972358467,-0.0944304440793321,0.34263901487433956,0.3452322195102088,0.3400458102384703,1.0299186748272544,1.7988746597967722,0.413999588690918,2.59079010513104,2.459406576530607,-0.13138352860043334,1.2533067130432385,1.6490258363369605,0.8575875897495167,0.6033747843425783,2.0671636704475698,0.7984309196472168,-0.21207866075138251
F4-A-04T,-0.06735558613281162,-0.3796467007639569,0.22381990478006641,0.6034666055440233,0.3490173318680789,0.17071760579661988,0.5273170579395379,1.0112883512662625,-1.0877588764200836,0.06370517846703254,1.8577112462077567,2.3711552616158604,0.5134440154081039,1.772984306235333,1.8897265319646288,1.6562420805060372,0.29820975192634164,1.0477877551845503,0.701151892542839,-0.07575570751275644
F4-A-06T,0.03416408303974733,0.15726719918714982,0.12195105539711981,-0.03531614379003001,0.4516300139566636,0.5568571968034635,0.3464028311098637,0.9984870217829713,0.34822131906016435,0.1182901655340878,1.1761643344825377,0.5267228827172143,-0.6494414517653236,2.140451257246986,3.058607444794278,1.2222950696996941,0.33486409857102634,0.5494936315416504,0.7216097712516785,-0.29092949765845133
F4-A-08T,-0.01475523872869694,-0.06291718110584893,-0.012404073921557901,0.05051310718429103,0.48009044698538617,0.5480241447429965,0.4121567492277758,0.9959187854285255,-0.13105276620462333,0.03787677570406868,0.3564545818105036,-0.09107244596478914,-0.44752702777529274,2.469524500473574,3.1327481566001314,1.8063008443470168,0.21128076755483366,0.14434138302420052,0.7641807645559311,-0.10879620308875605
F4-A-14T,0.0707686321125103,0.3805505174226368,0.40949232636424016,0.028941808941603364,0.26762861690987116,0.3695594951109977,0.16569773870874466,1.0590098730233877,1.4219350748682984,-0.001931989802502171,-0.10345320259662194,0.3077997042682994,0.41125290686492133,1.155173126610714,1.3799253891923586,0.9304208640290694,0.6380674650951459,-0.08955644847812065,0.5933263674378395,0.03381929064896197
F4-A-16T,0.008066337289934888,0.07893890723879393,0.4190276939106773,0.34008878667188336,0.3313524823966545,0.3417186252888976,0.3209863395044114,1.0351621066217238,0.23823243051578522,0.26881700540602094,2.7353027247476707,2.947388755239425,0.21208603049175423,1.556897360120054,2.3865227487633054,0.7272719714768028,0.5057192961136783,1.7568934181613287,0.6079102829098701,-0.13275079214970822
F4-A-20T,-0.03458920470474386,-0.15224338856110808,-0.06830066105315058,0.0839427275079575,0.6834633372910592,0.8396100556543729,0.5273166189277456,0.9344324477850684,-0.22275282411567573,-0.15538706060531815,-0.7061818663543918,0.3142930081149563,1.0204748744693481,2.167962154584745,2.3471381276653256,1.9887861815041643,0.4296145407637013,-0.32573532930959076,0.7468788251280785,0.15687316650190092
F4-A-22,-0.02124415692647716,-0.17409159935766594,0.11892080432629726,0.2930124036839632,0.46807178788920734,0.4129963769492898,0.5231471988291249,0.994026850578033,-0.37193354494348085,0.35743811755762267,2.4701629496075492,3.0980384139772035,0.6278754643696542,1.4745077456571722,2.0278020961736987,0.9212133951406458,0.5293714193317687,1.675245828231729,0.8195718005299568,-0.11526407537320928
F4-A-22T,0.06095765023887259,0.26266479316133806,0.2433203317839835,-0.01934446137735457,0.3594519323005513,0.3187677520927428,0.4001361125083598,1.0175447448729236,0.7307369068243432,-0.022979645119388048,-0.1593623787490943,-0.0866454921387736,0.07271688661032072,1.5296578840183788,1.8958512100084293,1.1634645580283283,0.5714523364589825,-0.10418171305759738,0.8318358883261681,-0.1492716403690607
F4-A-26T,0.04455829187713417,0.20150206375040625,0.27576356412153435,0.07426150037112811,0.5576184723340671,0.6720235084632921,0.4432134362048422,0.9580057159350649,0.3613618876486701,0.08332398805620533,0.3217496241084771,0.5008758553772201,0.17912623126874305,1.5497359148381253,2.145552479139135,0.9539193505371157,0.5722469635445564,0.207615775712396,0.6627809479832649,0.07477808875984726
F4-A-28,0.04979836998171139,0.27266529515567595,-0.5633172612744645,-0.8359825564301404,0.4131664470636589,0.4259377847083945,0.4003951094189233,1.0221220847517758,0.6599405568711751,0.08461231455647572,-0.10131990542620284,-0.9796692892731635,-0.8783493838469607,1.8106809371089059,2.2190841369754915,1.4022777372423203,0.5271982646412297,-0.05595679688768315,0.7401523515582085,-0.17057907740892259
F4-A-30T,0.010765934323766657,0.046367668568497944,0.06918015424979651,0.022812485681298567,0.34822370265369545,0.4252643816182764,0.2711830236891145,1.0361731092078714,0.1331548318369645,0.40473797129111344,2.4340082379836794,2.216771286963411,-0.2172369510202683,1.6806904940293754,2.2784526069653035,1.0829283810934474,0.4717433120414151,1.4482191971873777,0.8238385021686554,-0.17773718444602266
F4-A-34T,-0.02003393966323419,-0.09582618724907066,0.051279590625951665,0.14710577787502233,0.3625251604742236,0.46708132008062164,0.2579690008678256,1.0295830613092436,-0.26432975610222265,0.14534077931044842,1.893904964189154,2.863327007524137,0.9694220433349825,2.1350195804105425,2.607809832785928,1.6622293280351574,0.21569354835371146,0.8870667892539774,0.7497859820723534,-0.040361724297996296
F4-B-01,-0.03308154587690604,-0.16441138615517736,-0.18965464995912718,-0.02524326380394981,0.9209849115255273,0.9932015183655258,0.8487683046855288,0.7388114635975767,-0.1785169160728648,0.08039660232415152,0.39580496150547806,0.8335219281934523,0.4377169666879742,1.0787127237460452,1.5145968936007845,0.6428285538913061,0.7464432959594499,0.36692341973214737,0.6246110796928406,-0.06532553727614893
F4-B-01T,0.05135094076950153,0.22889738460809117,0.22642854155133074,-0.002468843056760428,0.6198383943181949,0.8128566182373186,0.4268201703990711,0.9091832488362425,0.3692855858983566,0.07341067102917237,0.35070428891459926,0.06932271002480928,-0.2813815788897902,1.400980116202869,2.0628163148940484,0.7391439175116896,0.5477390289548443,0.2503278132634221,0.6169325411319733,0.4232164558325019
F4-B-03T,0.05534947202774507,0.2836355404635794,0.381109183904239,0.09747364344065956,0.6928681169462804,0.799065041802981,0.5866711920895797,0.8723295050134126,0.40936439926499074,0.09971030589631286,0.4444554030168478,0.7459600236234091,0.30150462060656136,1.1211617439080968,1.5158374153536323,0.726486072462561,0.7163418734489764,0.3964239820274143,0.6816273257136345,0.1532804328757265
F4-B-05T,0.0218218554903597,0.23087586476682453,0.4012191478069034,0.17034328304007884,0.673176127792818,0.732912174871033,0.613440080714603,0.9005031504394663,0.34296502094304915,0.05480903261623634,1.9934362930633172,1.5416159174057378,-0.4518203756575794,2.024275769301651,2.415806476280604,1.6327450623226976,0.38830027880854623,0.9847651803642479,0.8667684718966484,-0.048279776163629794
F4-B-07,0.007929223955694092,0.11815891951227075,0.7145506022034416,0.5963916826911708,0.6398930307283881,0.6930417395788886,0.5867443218778877,0.8982087052497014,0.18465417474194218,-0.09591557369706874,0.3527981479386606,1.5687401687706939,1.2159420208320333,1.698173482097767,2.1792413782380273,1.2171055859575066,0.32753933581530664,0.20775153519818618,0.5518509335815907,-0.062221886730779837
F4-B-07T,0.0059785610008057655,0.11289509194404834,0.3925500108447495,0.27965491890070115,0.940315337741972,1.019341459177973,0.861289216305971,0.7028488957199275,0.12006088533571002,-0.051110718293272024,0.20690956416688167,0.9250878764138726,0.7181783122469909,1.8496372871155282,2.5131057319396253,1.1861688422914312,0.32909869740103015,0.11186494001186197,0.6416246816515923,-0.060005537248338923
F4-B-09,0.015170014073009441,0.0594353115904287,0.15905136571904543,0.09961605412861674,0.35304973097764575,0.30357281810280523,0.40252664385248627,1.036260592608575,0.16834827044293088,0.080267919989071,0.6688345090752568,1.4827687312428792,0.8139342221676226,1.3900913897248905,1.9031969798073456,0.8769857996424357,0.553103265195257,0.4811442715342796,0.8803205788135529,-0.08913062092102685
F4-B-09T,0.05588970445190389,0.2508420443168149,0.34671363073875616,0.09587158642194127,0.50716054155061,0.5232277913056806,0.4910932917955392,0.9804234677270394,0.49460086849399176,0.17532690845442922,2.778453431515282,3.4179543314435037,0.6395008999282212,1.7405723610898325,2.3663523829984645,1.1147923391812007,0.34165261342380704,1.5962872292052233,0.7784876003861427,-0.11055014079558804
F4-B-11T,-0.02490598163423763,-0.1398912755224493,-0.17359241689024651,-0.03370114136779723,0.31300989230697074,0.24131290887567783,0.3847068757382637,1.0415800795723944,-0.44692285758578215,0.03554121074884792,0.2604738035615133,-0.6604319164416972,-0.9209057200032105,1.1630608983384843,1.1897794162248958,1.136342380452073,0.6183902687009949,0.22395542996382972,0.5469609089195728,-0.016236085570501463
F4-B-13,0.003161269618653123,0.01666296690633251,0.0032246961282631492,-0.013438270778069361,0.46915143439936136,0.5978128997575086,0.34048996904121415,0.9731013068911423,0.03551724599897161,0.16953862464838962,0.504640891539851,0.9795362892899995,0.47489539775014844,1.4207094034285424,1.7014601174951576,1.1399586893619271,0.5393526390019073,0.35520345703492984,0.7718823701143265,0.15949522821695802
F4-B-13T,0.018141625245424786,0.11532169425285521,0.3209004443039971,0.2055787500511419,0.6585984340833848,0.6964881110287398,0.6207087571380299,0.8973438355002872,0.1751016830359703,-0.09159289213059654,-1.0233663391184895,-0.04599700293291953,0.9773693361855702,1.6955101384856088,2.1594389670457463,1.231581309925471,0.38881163072997704,-0.603574296543303,0.6239468306303024,-0.04874955453020302
F4-B-19,-0.06099529655011182,-0.2940842199366889,-0.13717679220173695,0.15690742773495192,0.2515147718098023,0.23266921685774222,0.27036032676186245,1.0604231495438992,-1.1692522781885668,-0.003737078228516877,-0.015616602387689804,0.06771990854895082,0.08333651093664063,0.6352179108712108,0.8174140802862295,0.45302174145619223,0.8912479041055569,-0.02458463799654421,0.5538493096828461,-0.02743314420529719
F4-B-25,0.02242837160703126,0.09776374966477969,-0.190897657044917,-0.2886614067096967,0.7362822898600718,0.9417196190278561,0.5308449606922877,0.8978674145904493,0.13278025427361478,-0.021998881107535173,-0.00026875407046489386,-0.6511115843554749,-0.65084283028501,0.808139193274191,1.004890719228593,0.6113876673197891,0.8336186652375845,-0.000332559134245218,0.6817067489027977,0.08768265037308215
F4-B-27,-0.012687754714691163,-0.08215954314688778,-0.04097859439110585,0.04118094875578193,0.8452640931863155,0.8700874524721527,0.8204407339004782,0.7938621290315033,-0.09719985009321572,-0.021862202401269015,0.23807424388196852,0.4059498001533832,0.1678755562714147,1.6159223886314615,2.37378085047879,0.8580639267841329,0.4363385818770138,0.14733024652477006,0.5826845914125443,-0.17702088638531593
F4-B-29,0.03267006673781414,0.1461709330372828,0.1940050221502203,0.04783408911293752,0.7480995183073799,0.921557073801593,0.5746419628131667,0.8988803753725721,0.19538969008829643,0.16159430271501743,1.0190273030925598,1.021459815354905,0.002432512262345088,1.1245116333867107,1.7080826737070332,0.5409405930663882,0.6916481684333604,0.9061954299428082,0.5146110281348228,-0.22594462981609822
F4-B-31T,0.035742137988254125,0.16735586975292227,0.29862465101161706,0.1312687812586948,0.3883022063899486,0.372738061770491,0.40386635100940627,1.0195404042792102,0.4309938676600174,0.07304021179388265,0.4079119796082282,0.04077426817432972,-0.3671377114338985,1.2511630062279304,1.7289013860455968,0.773424626410264,0.5409853113052915,0.3260262472417738,0.6479676216840744,-0.2667099998848195
F4-B-33,0.03426915996296426,0.1542618424903578,0.11020787171939772,-0.04405397077096007,0.23074724772355804,0.266505590638087,0.19498890480902908,1.063244399482836,0.6685316683610805,-0.0022631884191174345,-0.913526691769009,-1.2259512919857443,-0.31242460021673524,1.3252486271231478,1.9358829205482282,0.7146143336980677,0.605209739864587,-0.6893247599524736,0.675215445458889,-0.08755610600759789
F4-B-35T,0.03226324398814839,0.17472077631087346,-0.17506423753303768,-0.34978501384391114,0.3097544921984444,0.3370506688297621,0.28245831556712675,1.0461778466447673,0.5640621224596752,0.01930568965339731,0.8804916949438197,1.3249669752924724,0.4444752803486527,1.4025154099303316,1.7665877394423526,1.038443080418311,0.45483874071677005,0.6277946671456232,0.5427822396159172,-0.07156226504663327
F4-B-37T,-0.000856641559349669,8.175025664225455e-05,-0.11279164860067159,-0.11287339885731384,0.4224600738500742,0.47377034273116225,0.37114980496898625,1.0020721376552963,0.00019351001834854266,-0.10576983905631537,-0.47755109161084563,-0.595656548858853,-0.11810545724800747,1.000292353264609,1.3601785370576258,0.6404061694715922,0.7763862283124332,-0.477411518794764,0.7710039094090462,0.25560369970223534
F4-B-39,-0.020185361336205243,-0.1017940569083926,0.13155838356660587,0.23335244047499848,0.423670031533918,0.46660007390610964,0.38073998916172636,0.995473296236616,-0.2402673055251094,-0.017481107869472073,0.08610652638346661,0.2878553606541985,0.20174883427073187,1.7264296994325532,2.2572644065240324,1.1955949923410742,0.44328707745456897,0.04987548952139105,0.7072474472224712,-0.09551405937780952
F5-A-02,0.0068290161412363215,0.035058827720575,0.18059747252940173,0.14553864480882672,0.4352639452587225,0.42811367058885497,0.44241421992859,1.0036780548342912,0.08054613321977751,0.010063518290749408,0.5206720618991705,0.43346408560162164,-0.08720797629754884,1.6720289258531205,1.906197334185456,1.4378605175207848,0.4191113966237604,0.3114013482951604,0.7258012071251869,-0.032025626926882586
F5-A-14,-0.00528529191132987,-0.019664128451475416,0.5793220988660319,0.5989862273175073,0.42653779349850374,0.49465814232397315,0.35841744467303427,1.015211346478896,-0.0461017259225457,0.07620374354810472,0.3043174981405752,0.8453793628328596,0.5410618646922845,1.394649992077257,1.7937978982610683,0.9955020858934458,0.652815288851478,0.21820349182185161,0.7389107495546341,0.18455285773786073
F5-A-20,0.0061171159186973745,0.022211053641204126,0.11654453001923315,0.09433347637802902,0.6306336634742127,0.5282718581579415,0.7329954687904839,0.9397268694793663,0.03522021567773849,0.012739850842012387,-0.3411220191346054,-0.8486947066655253,-0.5075726875309199,0.7926873036180951,1.2544869425147427,0.33088766472144765,0.7912005507252473,-0.43033617112019856,0.6288179606199265,-0.1202374760920692
F5-A-24,0.034255588786445246,0.1594180114882776,-0.01830677377132839,-0.177724785259606,0.44839407168803685,0.30771214356069243,0.5890759998153813,0.9921205334188404,0.35553104189831974,0.01486157137906241,0.06876982439243717,0.36773134196939483,0.29896151757695766,1.1066005537922567,1.6563630477868538,0.5568380597976595,0.7090668300426826,0.06214512016713431,0.5821578502655029,0.10310872768938206
F5-A-28,-0.051816545584078,-0.2297088984964072,0.2711572502187072,0.5008661487151144,0.8051933016668459,0.8880672834236626,0.7223193199100292,0.7855072824103175,-0.28528416471036516,0.2647555051527298,1.2490990975264737,2.4616689016807887,1.212569804154315,1.7425100095414308,2.457361239233264,1.0276587798495975,0.5096178671133889,0.7168389797974211,0.7874356731772423,-0.05653433924026657
F5-A-32,-0.007376374269849051,-0.03841897336965172,-0.1511783539874464,-0.11275938061779467,0.4943214984768172,0.6314967370288727,0.3571462599247618,0.9964033717026177,-0.07772062005806835,0.12660660602452478,0.6143218583627703,0.5200297371331589,-0.0942921212296115,1.2865164497620605,1.4723495904713557,1.1006833090527652,0.7265291308424969,0.4775079700507431,0.7712331861257553,0.06964353477898161
F5-A-34,0.010611571624408456,0.1145431969293802,0.1798661456574593,0.06532294872807909,0.6575791950782153,0.7072881983655861,0.6078701917908446,0.9471939813110413,0.1741892045653238,-0.05630100873982152,-0.9887762755916483,0.19887910209682502,1.1876553776884733,1.8691782274356699,2.2727714742667824,1.4655849806045573,0.3821490292325206,-0.5289898315090866,0.7519448772072792,-0.022475244256119988
F5-A-36,0.033550928288380494,0.14102776858642185,0.640191853176908,0.4991640845904861,0.5602590810065038,0.548174203809666,0.5723439582033417,0.9626251264248518,0.25171884466926603,-0.03659847530711241,0.5453508545534012,2.1535402621246225,1.608189407571221,1.221829553618396,1.4853536394844897,0.9583054677523026,0.6170379484875795,0.4463395511578255,0.6426764950156212,-0.12699575412868885
F5-A-38,0.010976730564062176,0.04746414521942577,0.29272983369579575,0.24526568847636998,0.2600355934212092,0.24199715957702062,0.2780740272653978,1.0616226819775956,0.18252941681926865,0.07680853803842136,0.3102315379523807,0.030865552307864585,-0.2793659856445161,0.8258951355511225,1.2434407016089886,0.4083495694932564,0.8326223704435345,0.37563066374687165,0.5369612202048302,0.07190790482690951
F5-A-40,0.08251923744591982,0.2907294417810613,0.42868467658018594,0.13795523479912464,0.40989097996709367,0.18374064359201858,0.6360413163421688,0.996006793963325,0.7092848000812344,0.2550296254429832,1.0614420075912996,0.6082386120253185,-0.4532033955659812,0.9309299060316545,1.0186389120191282,0.8432209000441809,0.7979312297508463,1.1401954118285758,0.5672357901930809,-0.210130658879012
F5-A-46,0.002632419334128999,0.1479991928183828,0.4245732116213441,0.2765740188029613,0.6762177672609246,0.810369370297912,0.5420661642239374,0.9423052053214116,0.21886321239068537,-0.05606305662150393,-1.4014549426829723,-0.3505837502143976,1.0508711924685752,2.4654097470884433,3.0920729659504307,1.838746528226456,0.26066412309770504,-0.5684470682157553,0.9278289079666138,-0.03094732573461668
F5-A-50,0.07329179426767135,0.30917653581561266,0.18316723663996315,-0.12600929917564951,0.49387309577153127,0.45334882672849997,0.5343973648145626,0.9905297771151601,0.6260242529158536,-0.403207533148922,-3.306389209423916,-3.0281323125355986,0.2782568968883174,1.1538003622358257,1.4544203992490323,0.8531803252226189,0.668412118462258,-2.865651041239768,0.7068005204200745,-0.19186685518765512
F5-B-03,-0.025075321841711073,-0.14649535359083937,0.28312321240030225,0.4296185659911416,0.4268372135653089,0.43877166729235856,0.4149027598382593,1.0123220906002628,-0.34321129680138496,-0.024656331457666075,-0.24124483027318133,-0.22470501190049896,0.01653981837268237,1.0332862103443472,1.149758039442315,0.9168143812463794,0.7977169477777393,-0.23347338603578716,0.5269422680139542,-0.1480379817422727
F5-B-05,0.09810059009602534,0.41285605555761073,0.8487535746185649,0.4358975190609542,0.4854339264195575,0.587030010448387,0.38383784239072805,1.0019286468715642,0.8504886722745905,0.269176791508551,2.417584643681609,3.3294915050480354,0.9119068613664264,0.8144551525350352,0.9671909171164591,0.6617193879536112,0.7667729628103342,2.9683459379644757,0.6224688813090324,-0.06421767302909587
F5-B-07,-0.030164039222233152,-0.1288026679909567,0.04080169299325559,0.16960436098421228,0.31136730304488924,0.36005098699987814,0.26268361908990034,1.0506223419413514,-0.4136679308693741,0.06786197575873291,0.48799489618545056,-0.08584356159911355,-0.5738384577845641,0.7521744704806961,0.9769825246007179,0.5273664163606742,0.8717057744333603,0.6487788609384537,0.7158190831542015,-0.0810727760609562
F5-B-11,-0.030372340133996922,-0.11119835183448346,0.2966446500595862,0.40784300189406963,0.4473867317534326,0.582697439957083,0.3120760235497822,0.9873767951646804,-0.24855084861070043,-0.2766662254531117,-1.5914274131674933,-0.2947250887758037,1.2967023243916893,1.335721899148714,2.055264513486107,0.616179284811321,0.5752768243986046,-1.1914361920559557,0.6616371423006058,0.3674375721579791
F5-B-13,0.0465249034230974,0.30981202208438596,-0.06470132336758183,-0.3745133454519678,0.4719276615194168,0.35732893574762,0.5865263872912136,0.9659543796056589,0.656482014821755,0.0018392852950246397,1.52444971006874,1.721108297325924,0.196658587257184,1.6037345017189422,2.3130823846284687,0.8943866188094157,0.5558206024405863,0.9505623957299529,0.8292414769530296,-0.1293879788026673
F5-B-19,0.022954404935478345,0.13958381777615414,0.09902273539419082,-0.04056108238196332,0.3999226032928887,0.4422107936240198,0.3576344129617576,1.018022546170008,0.3490270783067694,0.05197450585793936,1.6145449134818544,1.6810669705524925,0.06652205707063796,1.2497614799655756,1.8988991726396454,0.600623787291506,0.6519876252364016,1.29188244266124,0.7024055421352386,-0.18048493748076247
F5-B-21,0.0046809116924521055,0.0003098036105961821,0.17779177223634157,0.1774819686257454,0.4605148442824694,0.5368992380920254,0.3841304504729134,1.0112532114172592,0.0006727331690662193,-0.5522396433233249,-2.536434504690737,-1.4420980305723372,1.0943364741183998,1.3810138753451646,1.8096442877235766,0.9523834629667526,0.5119942149720452,-1.8366466477802705,0.7867824360728264,0.5757922742542233
F5-B-27,-0.024302638661350684,-0.1312356894727016,0.23510538928378888,0.36634107875649047,0.3844579128856458,0.4059427118674675,0.36297311390382403,1.0284428637597471,-0.3413525514084989,0.1966117684918237,0.8209377395893488,0.5340877932939272,-0.2868499462954217,1.4865251792619534,1.707689649734522,1.2653607087893848,0.4711116461563683,0.5522528316654126,0.5406620800495148,0.07568965586506904
F5-B-29,-0.00862842608696246,-0.10815123452850695,0.3783022807806322,0.48645351530913916,0.49532055992909463,0.4271378671749994,0.5635032526831899,0.9838714863975471,-0.21834594256291087,0.3726247958344191,1.790915564168357,2.5894018197714943,0.7984862556031372,1.011970781870766,1.0111514254640104,1.0127901382775215,0.8465184549913969,1.7697305063073119,0.5012613981962204,-0.1753495574493962
F5-B-31,0.02327345676672289,0.3248999268642607,0.28342426567866097,-0.041475661185599755,0.852748462574507,1.0027542845610222,0.7027426405879917,0.8349243659326466,0.38100323966972066,-0.004336945438081642,-0.4604906704823941,-0.4694148565914036,-0.008924186109009469,1.5724773593960477,1.8834969132211685,1.261457805570927,0.5337744966243236,-0.29284407036503085,0.8404076173901558,-0.02985365389926005
F5-B-37,-0.06728980446211585,-0.2590785685372947,-0.6418989958567838,-0.38282042731948906,0.5361343860764373,0.48558586211107674,0.5866829100417978,0.9898288089174135,-0.48323438165064386,-0.24275345663687836,-1.144055649747109,-2.1299709181724547,-0.9859152684253457,1.2948218448760307,1.2104733240362495,1.3791703657158116,0.5885097640289527,-0.8835622091753045,0.8007802590727806,-0.023007853573506765
F5-B-41,0.012013491332639792,0.04555352163913107,-0.5327448526921355,-0.5782983743312665,0.5713444054402937,0.7025224593236123,0.44016635155697514,0.9396685395734394,0.07973040639826738,0.08492174304483269,0.3570182377674702,-0.02795961708965633,-0.3849778548571267,1.9771142738052625,2.46688573257003,1.487342815040495,0.38417286881383444,0.18057541867842233,0.7627324908971786,0.24014429644019109
F5-B-45,0.006966614243059055,0.050834817512715125,-0.07053314660803323,-0.12136796412074835,0.38410479399196457,0.3841408207204592,0.38406876726346995,1.0358277323270617,0.1323462198542062,0.3445568546225025,1.9237043138139256,2.2136361674384593,0.28993185362453366,1.4388035650864521,2.057965485639678,0.8196416445332262,0.5405739596765397,1.3370166438935238,0.6296254470944405,-0.055893042881431904
F5-B-49,0.07000368623251607,0.33162636123488687,0.938422503580957,0.6067961423460702,0.8527716867740569,0.8727550048109534,0.8327883687371603,0.7650543240587824,0.3888805953319036,0.007599695761732139,0.44024541225464486,0.9461489143606918,0.505903502106047,0.857345577541579,1.1477977044367245,0.5668934506464335,0.7925932313955393,0.5134982016435422,0.6055110208690166,-0.16975083086907966
F5-B-53,-0.014435256598165913,-0.05656995222445549,0.32568477256245676,0.38225472478691225,0.38959705299852554,0.42735051340730296,0.35184359258974807,1.018912999420309,-0.14520118103837296,0.1263833822334064,1.0424395591566944,1.299243781324067,0.25680422216737264,1.1681253119703263,1.588496065701519,0.7477545582391334,0.6904867551451261,0.892403878654395,0.7597410529851913,-0.19782144419082276
F5-B-55,-0.024198772783515787,-0.11841842671852654,-0.2957157723996159,-0.17729734568108935,0.7347919737490444,0.8476741551364293,0.6219097923616594,0.8310495915060137,-0.16115911842957925,-0.3145316424986424,-2.8354830953129007,-2.602788954794805,0.23269414051809556,1.5841094856071858,2.06009759016704,1.1081213810473316,0.39349107066295513,-1.789953990601897,0.667009025812149,0.19034613700327974
